Bedrooms,Bathrooms,SquareFootageHouse,Location,Age,PoolQuality,HasPhotovoltaics,HeatingType,HasFiberglass,IsFurnished,DateSinceForSale,HouseColor,HasFireplace,KitchensQuality,BathroomsQuality,BedroomsQuality,LivingRoomsQuality,SquareFootageGarden,PreviousOwnerRating,HeatingCosts,WindowModelNames,Price
1,1,46,0,68,1,0,0,0,1,19757,0,0,1,1,2,1,13,1.65,44.001939573293875,0,96.41513
1,1,88,0,20,0,1,1,0,1,19753,1,0,1,1,1,2,6,3.06,53.05702028175124,1,78.5687
3,1,122,1,40,0,0,0,0,1,19599,1,0,1,1,0,1,6,3.12,119.98522325088479,1,184.70391
3,2,112,2,69,0,0,1,1,1,19434,0,0,2,2,2,1,6,4.27,67.2,1,246.09376
1,1,42,1,16,3,0,2,0,0,19564,2,0,1,2,2,0,30,1.41,67.96426731846525,2,241.27139
2,1,92,1,42,0,0,0,0,0,18825,0,0,0,0,0,0,6,4.57,89.99182179920416,0,140.79436
2,1,110,2,63,0,1,2,0,1,19177,0,0,1,2,0,0,6,1.35,174.4,1,259.71566
5,5,130,2,15,3,0,1,0,0,19729,1,0,0,1,2,2,30,2.47,78.0,2,452.49783
1,1,62,0,43,0,0,1,1,1,19034,1,0,1,1,0,1,6,2.02,37.2,1,60.23668
2,1,88,1,52,0,0,0,1,1,19529,2,0,2,1,1,1,6,2.95,88.0,0,206.43183
1,1,147,2,66,2,0,1,0,1,18616,2,0,1,1,0,2,18,1.42,88.60732697846495,2,404.10064
1,1,20,0,25,0,0,0,0,1,19595,1,0,1,2,0,1,6,2.43,18.007658315170662,1,38.2602
2,2,95,0,12,0,0,1,0,1,18287,0,0,1,1,0,1,6,4.36,57.0,0,215.01675
1,1,74,2,55,0,1,1,1,0,18715,0,0,1,0,1,2,6,4.28,44.621354285920866,2,3456.1926
1,1,38,2,70,1,0,0,1,0,18716,2,0,2,1,2,0,13,2.9,39.0,0,177.82663
1,1,65,2,57,0,1,0,0,1,19715,0,0,1,1,2,1,6,4.26,64.0,1,158.26072
2,2,89,0,59,1,0,2,1,1,19311,0,0,2,1,2,1,13,3.15,142.4,1,125.94835
1,1,78,0,15,3,0,0,0,1,19491,2,0,1,1,1,1,30,2.73,76.0,1,120.0042
3,2,133,2,24,0,0,2,1,0,19561,1,0,2,0,2,0,6,3.25,213.53119451260673,2,437.785
1,1,53,0,29,1,0,0,1,1,19582,2,0,0,0,1,2,13,3.06,51.000399912019354,2,140.10877
1,2,77,0,43,0,1,1,1,1,18809,3,0,1,1,0,1,6,2.73,45.6,1,66.69446
1,1,58,2,70,1,0,0,0,1,19394,0,0,1,1,1,1,13,2.54,55.999300153966125,0,231.8549
1,1,25,2,12,0,1,1,1,1,19076,0,0,1,0,0,0,6,2.81,15.096523300514574,1,80.99881
1,2,107,0,42,0,0,2,0,0,18293,2,0,1,0,1,2,6,2.39,171.94064388570916,1,93.19452
2,2,92,1,24,0,0,2,1,0,19586,3,0,2,1,0,2,6,1.54,147.2,1,170.18799
2,2,104,0,19,2,0,2,0,0,19404,2,0,2,1,0,1,18,1.29,164.8,2,178.2931
1,1,22,1,68,0,1,1,0,1,18727,0,0,1,2,1,2,6,2.95,13.288880587122353,0,102.57766
3,2,139,1,51,0,1,2,1,1,19094,1,0,1,1,1,1,6,2.71,220.8,1,261.3923
2,3,113,2,63,2,0,2,1,0,18298,3,0,0,1,2,1,18,3.52,180.8,0,322.41243
3,1,114,0,52,0,1,1,0,1,19764,1,0,1,0,1,1,6,1.75,67.2,2,140.81174
2,2,90,1,32,0,1,0,1,0,18412,2,0,1,2,0,0,6,2.46,91.0,0,164.74893
1,1,43,0,14,0,1,2,1,0,18397,2,0,1,1,1,2,6,2.51,69.56390388103823,1,97.84387
1,1,30,0,54,0,0,0,0,1,18676,3,0,1,1,2,1,6,1.96,30.0,1,81.19021
1,1,54,2,41,0,1,2,0,1,18711,0,0,1,1,2,1,6,4.14,87.15990606934105,2,305.9297
1,2,82,0,27,1,0,2,1,0,18741,2,0,0,0,0,1,13,1.02,131.94972982138458,1,85.74889
2,3,113,0,64,0,0,0,1,0,18705,1,0,2,2,1,0,6,3.05,112.0,1,90.83978
3,3,120,0,52,0,0,1,1,1,19653,3,0,0,1,1,1,6,2.02,72.0,0,128.85314
2,2,86,0,38,2,1,2,0,0,19575,1,0,1,2,1,1,18,2.77,138.34827607167654,0,137.04618
4,5,144,0,43,0,0,2,0,1,19015,3,0,1,1,1,1,6,1.74,231.12719670090954,0,196.7862
1,1,40,0,55,0,0,0,1,1,19393,1,0,2,2,2,1,6,3.25,38.00325928295774,0,95.0582
1,1,24,1,51,0,0,1,0,1,18431,3,0,1,1,1,2,6,1.65,14.493975729383834,2,154.4858
1,1,42,1,65,0,0,1,1,1,18971,0,0,1,1,0,2,6,3.2,25.33983200973717,2,175.81998
1,1,54,2,44,2,0,2,0,1,18993,1,0,2,1,0,2,18,2.12,84.8,2,355.11076
2,4,143,1,43,0,0,1,0,1,19093,1,0,1,1,2,2,6,2.35,85.8,2,297.08753
1,1,48,2,62,3,0,2,1,0,19358,0,0,1,1,0,0,30,3.22,80.0,0,261.60197
2,1,92,1,56,0,0,2,1,0,18399,2,0,1,2,2,2,6,2.51,147.94609544711443,0,200.70364
5,5,144,2,34,0,0,1,1,1,19237,0,0,1,2,1,1,6,3.79,88.2,2,428.08389
2,3,103,2,45,1,0,1,1,1,18798,1,0,1,2,2,1,13,1.7,61.8,2,391.18856
1,1,41,0,49,0,0,0,0,1,18759,1,0,2,1,0,1,6,3.03,41.0,0,76.49827
4,1,139,0,28,0,1,0,0,1,19274,0,0,1,0,1,1,6,3.1,139.0,2,184.37198
1,2,87,1,45,0,0,2,0,1,19390,2,0,1,2,1,2,6,2.99,139.94791263424952,1,167.04942
1,1,68,0,23,0,0,1,0,1,19587,1,0,0,0,1,1,6,1.59,41.00606885913643,1,55.39365
1,1,37,1,52,2,0,0,0,1,18940,0,0,1,1,1,1,18,4.24,35.00391913778968,0,155.70577
1,1,31,0,32,0,0,1,0,1,18839,0,0,2,2,2,0,6,2.57,18.71180872729902,2,106.32176
2,3,113,2,57,0,0,1,0,1,19132,2,0,2,1,1,2,6,2.01,67.8,0,294.29462
3,3,128,0,66,0,0,0,0,1,18818,1,0,0,2,1,0,6,1.9,125.98390354122091,1,106.3152
1,2,95,1,17,3,0,2,0,1,19453,1,0,2,1,1,1,30,1.54,152.74500513483338,0,319.4221
2,1,87,1,46,0,0,1,1,1,19370,3,0,1,1,2,1,6,1.33,52.4544727106205,0,189.03683
4,2,128,1,12,0,0,1,1,1,19302,2,0,1,2,2,0,6,1.67,78.0,0,251.00054
4,2,145,2,62,2,0,2,0,1,18593,0,0,1,1,1,1,18,4.73,232.72683326348252,0,468.50897
1,1,41,1,41,0,0,1,0,1,18940,0,0,0,1,1,2,6,3.37,24.0,1,69.89245
1,2,72,2,17,2,0,2,0,1,18263,0,0,1,1,1,1,18,4.54,116.8,1,254.46161
1,2,80,0,36,1,0,1,1,1,18940,3,0,2,2,1,0,13,1.87,47.4,1,90.51519
1,1,55,1,67,3,0,1,0,1,19769,3,0,1,1,1,0,30,1.72,33.1729504344368,1,141.13943
1,1,69,2,55,0,0,1,0,0,19107,2,0,1,0,2,1,6,2.06,40.8,2,219.77459
1,1,25,0,7,2,0,2,0,0,18931,0,0,1,2,1,1,18,4.32,38.4,0,74.8947
2,1,62,0,33,0,0,1,0,1,19039,0,0,1,2,2,1,6,2.11,37.39078343235198,0,96.33517
1,1,74,1,46,2,0,1,0,0,19648,1,0,2,1,1,1,18,2.4,44.621354285920866,2,210.21342
1,2,64,1,41,0,1,1,0,1,19092,3,0,1,0,2,1,6,2.25,38.59587857461346,0,135.85347
1,1,61,0,34,0,0,0,1,1,18499,3,0,1,2,1,1,6,2.06,58.99864029913419,0,98.95543
1,1,99,1,42,2,0,2,1,0,18424,3,0,1,1,0,1,18,3.34,159.1435513851253,0,216.57231
1,1,50,0,28,1,0,0,0,1,18450,1,0,1,1,1,2,13,2.81,49.0,1,67.16359
2,2,74,0,27,0,1,1,0,1,19212,0,0,1,0,1,1,6,3.67,44.4,2,128.40403
4,4,137,2,59,0,1,2,1,1,18662,1,0,1,0,2,2,6,2.41,219.2,0,441.05025
3,3,119,2,58,0,0,1,0,1,19575,2,0,1,2,1,1,6,2.88,72.0,0,289.9213
1,1,48,2,63,0,0,1,0,1,19601,2,0,0,2,1,1,6,1.21,28.955117436521615,2,254.86948
1,1,46,0,71,0,0,2,0,1,18606,3,0,2,1,1,1,6,2.94,74.36281356875719,1,57.89463
1,2,86,0,36,2,1,1,1,1,19259,2,0,1,2,2,2,18,2.96,50.4,0,129.93928
1,1,34,0,51,0,1,1,1,1,19024,3,0,2,1,0,0,6,3.31,19.2,1,39.72991
3,3,126,1,41,0,0,1,0,1,19442,1,0,1,1,2,1,6,1.73,75.95382798471938,1,176.87952
5,4,131,2,31,2,1,2,1,0,19074,2,0,1,0,2,1,18,2.94,208.0,1,359.49444
2,2,135,0,70,1,0,2,0,1,18480,1,0,2,2,2,1,13,2.64,217.6,2,215.79207
2,3,114,1,41,0,0,2,1,1,18630,2,0,1,1,1,0,6,2.84,183.13809982372007,1,206.15128
1,1,38,0,20,0,0,0,1,0,19007,3,0,1,2,2,1,6,1.54,36.003699186179034,0,77.91556
1,1,25,1,44,0,0,2,1,1,18625,2,0,1,2,2,1,6,1.37,40.77044575472453,1,90.13752
1,1,98,2,50,0,1,2,0,1,19607,3,0,2,2,1,2,6,2.03,158.4,2,432.81053
1,2,69,1,67,1,0,1,1,0,18380,3,0,1,1,2,2,13,2.85,41.60861643026716,2,189.27129
1,1,95,1,71,0,0,0,0,0,18914,3,0,2,1,0,2,6,2.97,92.99116194437222,2,201.11313
1,3,125,1,36,3,1,2,0,1,18321,0,0,2,2,1,0,30,2.22,200.0,1,278.35973
2,2,108,1,33,1,0,2,0,1,19361,1,0,2,0,1,1,13,3.28,171.2,1,222.06624
1,1,23,0,43,0,0,2,0,1,18366,1,0,1,1,1,0,6,3.21,38.4,1,36.12811
2,1,95,2,26,2,0,1,1,1,18389,1,0,0,0,1,1,18,2.93,57.6,2,357.57389
2,2,97,0,47,0,0,0,1,0,18711,1,0,0,0,0,2,6,1.57,95.0,2,118.74909
1,1,24,0,60,2,0,1,1,1,18774,3,0,2,1,1,0,18,2.5,14.493975729383834,0,87.99958
4,3,141,2,51,0,0,1,0,1,18754,3,0,2,1,2,1,6,3.35,84.0,2,289.90447
1,2,105,2,17,0,0,1,0,1,18595,0,0,1,2,1,2,6,4.67,63.0,2,346.10199
2,3,127,1,27,3,0,2,1,1,18683,0,0,0,1,2,2,30,4.69,203.93337513716884,0,365.55414
1,1,75,2,53,0,0,1,1,0,18845,2,0,2,1,2,0,6,1.89,45.6,1,132.40868
2,1,69,1,32,3,0,2,0,1,19475,3,0,1,1,2,2,30,1.33,111.15445450793581,2,336.75564
1,2,140,0,65,0,0,2,1,1,18365,0,0,1,0,2,0,6,1.86,224.7286504506176,1,141.0717
2,1,97,1,61,0,0,2,0,1,19288,1,0,2,0,0,2,6,2.23,155.94427825997934,1,242.08507
1,2,129,2,43,0,0,1,1,0,19347,1,0,1,2,1,0,6,2.88,77.4,1,198.68932
2,2,106,2,30,2,0,2,1,1,19526,1,0,0,2,1,1,18,2.2,170.34100732313618,0,438.60932
1,1,61,0,53,0,0,0,1,1,19022,0,0,0,2,1,1,6,4.36,61.0,0,102.80152
1,1,62,0,31,0,0,2,1,0,18722,2,0,2,0,0,0,6,1.58,99.95699856992492,2,115.92925
1,1,81,0,46,2,0,1,0,0,19401,0,0,1,2,1,0,18,3.47,48.839187283836054,1,71.01309
1,2,101,0,52,0,1,2,1,0,19024,2,0,0,2,1,1,6,1.54,163.2,2,150.10216
2,2,84,2,35,0,1,2,0,1,19524,0,0,1,1,1,2,6,2.84,132.8,2,392.38495
1,1,57,2,46,3,1,1,1,1,19744,0,0,2,2,1,1,30,4.31,33.0,0,327.22401
2,2,98,0,44,0,0,2,0,1,19658,0,0,1,2,1,1,6,3.53,155.2,2,184.01566
1,1,53,1,25,1,0,0,0,1,19687,2,0,0,2,0,2,13,2.78,52.0,0,174.59349
5,1,139,2,43,1,0,2,0,0,18298,1,0,1,0,0,1,13,2.49,219.2,2,402.41247
2,1,66,1,37,2,0,2,0,0,19230,3,0,2,1,2,1,18,2.88,104.0,1,3064.1809999999996
4,4,134,2,13,0,1,0,0,1,19155,3,0,2,2,1,2,6,1.6,131.98258383155704,2,485.24458
1,1,65,2,43,0,1,2,1,0,18526,2,0,0,1,1,1,6,1.91,104.75590825764387,1,157.51327
3,3,124,1,45,0,0,2,1,1,18699,0,0,1,2,1,2,6,4.73,199.1344654494499,0,294.51367
1,2,61,0,39,0,0,0,1,0,18326,1,0,1,1,1,2,6,2.44,58.99864029913419,1,60.49951
3,3,116,0,10,2,0,2,0,1,18449,2,0,1,1,2,2,18,2.56,186.33737294886603,0,184.92843
1,1,54,1,67,3,1,1,0,1,19109,3,0,2,1,2,0,30,2.28,32.4,2,251.81969
1,3,115,0,64,0,1,1,0,1,18669,0,0,2,0,1,2,6,3.96,69.0,0,193.494
5,1,133,1,65,2,1,2,0,1,19154,3,0,2,0,2,1,18,1.56,211.2,0,316.9648
1,1,30,1,57,0,0,0,0,1,18626,2,0,1,1,1,1,6,1.2,28.005458799064204,2,160.54858
1,1,33,2,25,1,1,2,0,1,19436,1,0,0,2,1,2,13,1.66,52.8,2,307.66075
2,2,106,2,52,0,0,2,1,0,18653,1,0,1,0,1,2,6,2.3,168.0,1,234.95163
1,1,21,1,31,0,0,1,1,1,18746,3,0,1,0,1,0,6,3.3,12.6,1,54.68688
1,1,52,1,41,0,0,0,1,1,19234,1,0,1,1,2,1,6,1.53,51.0,0,147.36668
1,1,68,0,41,0,0,2,1,1,19796,1,0,2,1,2,0,6,3.47,109.55481794536283,0,128.38954
1,1,83,1,20,2,1,2,0,0,18278,2,0,1,2,0,0,18,2.82,133.54936638395756,1,152.69114
1,2,77,2,26,0,0,0,0,0,18709,3,0,2,2,1,2,6,1.74,74.99512107336385,1,169.56636
1,1,30,2,39,1,0,2,1,0,18854,1,0,2,1,0,1,13,3.29,48.768628567589445,1,125.01933
1,1,47,1,64,0,0,1,0,0,18883,3,0,1,2,0,0,6,3.29,28.352569865390873,1,53.1958
1,1,30,0,63,0,0,0,1,1,18909,1,0,1,1,0,1,6,1.89,28.0,0,116.1301
1,3,120,0,56,3,0,1,1,1,19554,0,0,1,1,1,1,30,2.89,72.0,1,140.22898
1,2,76,2,14,2,0,1,1,1,18917,3,0,1,2,0,2,18,2.29,45.82644942818235,2,371.95595
2,2,61,2,52,2,0,2,0,0,19000,0,0,2,2,1,1,18,4.9,98.35736200735194,1,199.58647
2,3,110,0,32,0,1,1,0,1,18617,3,0,0,2,1,1,6,2.33,66.31306684662754,2,146.00907
1,1,26,2,38,0,0,0,0,1,19133,1,0,2,2,1,1,6,2.02,24.006338605506787,0,162.9264
5,1,147,1,27,1,0,0,1,0,19696,3,0,2,1,2,1,13,2.2,148.0,2,305.86283
2,2,65,0,66,0,0,0,1,1,18977,1,0,1,0,2,0,6,2.67,62.997760492691604,1,68.37273
1,1,28,1,52,1,0,0,0,1,19649,3,0,0,1,2,0,13,3.16,29.0,0,127.71217
1,1,67,0,25,2,0,1,1,0,18735,2,0,0,1,1,1,18,2.31,40.403521288005685,0,93.01801
1,1,146,1,50,3,1,2,0,1,18346,1,0,2,2,1,0,30,3.36,235.2,1,292.37802
1,1,25,2,56,0,0,0,1,0,19778,3,0,1,2,1,2,6,2.86,23.006558557117433,2,225.47934
1,1,31,1,70,0,0,1,1,0,18751,2,0,1,1,1,1,6,2.73,18.6,2,137.21808
3,1,127,0,34,0,0,2,1,1,19754,3,0,1,2,2,2,6,2.63,203.93337513716884,0,193.37909
2,2,59,1,48,2,0,2,0,0,18788,0,0,1,1,1,0,18,1.82,96.0,1,129.65361
1,1,55,0,25,0,0,1,1,0,18596,3,0,1,2,1,1,6,2.16,33.1729504344368,1,51.55194
2,1,91,2,44,1,1,2,1,1,18390,1,0,1,2,1,0,13,2.72,142.4,2,397.33638
1,2,127,1,49,1,0,0,0,1,18392,0,0,2,2,2,0,13,3.45,124.98412349283156,0,250.08549
1,3,114,2,56,0,0,0,0,0,19729,0,0,2,1,1,0,6,1.38,111.98698286376995,2,319.19087
1,1,69,1,51,2,1,0,1,1,18608,0,0,2,2,0,1,18,1.36,69.0,2,252.92383
2,2,82,2,60,0,0,1,0,1,18618,0,0,2,1,1,2,6,3.26,48.6,1,167.3017
1,4,132,2,57,1,0,1,1,1,18380,1,0,2,0,1,2,13,3.31,79.56911341150384,0,332.83315
3,3,111,2,50,0,0,2,0,1,19369,1,0,0,0,2,1,6,2.99,179.2,0,373.57315
1,2,79,2,8,2,0,1,0,0,19794,2,0,2,1,0,0,18,1.91,46.8,0,220.73056
2,2,98,2,37,0,0,1,0,0,19341,0,0,0,1,0,2,6,3.73,59.08249599305864,1,151.75748
1,1,67,1,41,0,0,0,0,1,19058,0,0,2,2,0,1,6,1.64,67.0,1,106.80933
2,1,146,2,10,0,0,0,0,0,18432,0,0,1,2,0,1,6,3.1,146.0,1,238.88205
3,3,124,2,32,0,0,2,0,1,18303,0,0,1,1,2,1,6,3.55,200.0,1,326.62529
2,1,98,0,58,0,1,0,0,1,19439,3,0,1,1,1,1,6,3.44,95.99050208954029,0,120.47162
1,1,46,0,47,2,0,0,0,1,19335,1,0,2,1,1,1,18,3.04,44.001939573293875,1,74.88215
2,2,87,1,60,1,1,1,0,1,19388,3,0,0,0,2,1,13,3.46,52.2,0,168.77339
1,1,68,2,43,0,0,2,0,0,19673,2,0,1,1,1,0,6,1.98,110.4,0,206.3131
1,1,55,0,20,1,0,1,0,0,19418,0,0,1,1,1,1,13,3.9,31.8,0,188.96531
1,2,93,0,29,3,0,1,0,1,19093,0,0,2,1,2,2,30,4.62,57.0,1,124.86128
1,3,113,1,47,1,0,1,0,1,19584,3,0,1,0,1,0,13,3.14,66.6,2,261.31109
2,2,87,2,20,0,0,1,1,1,19585,1,0,1,2,1,1,6,2.15,52.8,1,179.11177
3,2,116,1,65,1,0,0,0,0,18496,0,0,1,2,2,1,13,2.64,115.0,1,159.97369
4,1,146,0,57,2,1,0,1,0,19783,2,0,0,2,1,1,18,2.2,143.9799444122293,0,162.81268
2,1,81,1,7,1,0,2,0,1,19208,0,0,2,2,0,1,13,4.65,129.6,0,242.03227
3,3,115,0,31,0,0,2,1,1,19070,2,0,1,0,1,2,6,2.05,182.4,2,200.12144
2,1,98,0,23,0,1,1,0,1,19038,3,0,0,1,1,1,6,3.7,59.08249599305864,1,80.30705
1,2,128,0,18,0,0,0,0,0,18267,1,0,1,0,2,1,6,1.78,125.98390354122091,2,138.92372
2,1,96,1,59,0,0,1,0,1,18819,0,0,0,1,1,2,6,1.82,57.877400850797166,2,220.30766
5,4,133,0,64,2,0,0,0,1,18764,0,0,2,2,2,2,18,1.66,130.9828037831677,2,209.81355
4,2,143,0,23,0,0,2,1,1,19628,3,0,2,1,2,2,6,3.37,229.52756013833655,1,184.69573
2,5,145,1,52,2,0,2,1,1,18448,2,0,1,0,1,1,18,2.69,232.72683326348252,1,277.03846
1,3,120,1,56,0,0,1,0,1,19062,3,0,1,1,1,1,6,2.38,72.33854255793494,2,236.3225
1,1,29,1,54,0,0,1,0,0,19115,2,0,0,2,1,1,6,2.06,16.8,1,46.85627
3,1,114,1,44,0,0,2,1,1,19569,1,0,1,2,2,2,6,3.25,183.13809982372007,0,296.7257
3,3,117,2,64,3,0,2,1,1,18341,3,0,0,2,1,2,30,1.44,187.2,2,528.42211
1,1,54,2,60,3,0,2,1,1,18434,0,0,0,0,2,1,30,1.5,87.15990606934105,2,379.65724
1,1,31,2,52,0,0,2,1,0,18518,3,0,2,2,1,2,6,2.43,51.2,0,177.93333
1,1,22,0,40,0,0,0,0,1,19796,1,0,0,1,1,0,6,2.96,24.0,1,52.92772
2,1,64,1,42,0,0,0,0,1,19736,2,0,0,1,0,1,6,2.51,61.99798044430225,2,212.07088
1,1,75,0,52,0,1,1,0,1,19419,0,0,1,1,0,1,6,3.82,45.0,1,60.36603
1,1,41,1,41,3,0,2,0,0,19210,0,0,1,0,2,1,30,4.01,66.36463075589226,0,178.02702
1,1,64,0,65,1,0,2,1,1,18315,2,0,1,1,1,1,13,1.99,103.15627169507088,2,144.86344
1,1,38,1,68,0,0,1,1,1,18843,0,0,1,1,1,0,6,3.12,22.8,2,166.95748
4,5,142,1,30,0,0,1,0,1,19149,3,0,0,0,0,1,6,1.62,85.59458912281124,1,156.0304
1,1,38,1,34,1,0,0,1,1,18388,2,0,1,0,1,1,13,2.59,38.0,2,181.26479
2,2,121,0,45,2,0,2,1,0,19183,3,0,0,0,1,1,18,2.38,194.33555576173094,2,177.00025
1,1,26,1,63,2,0,0,0,0,18482,1,0,1,2,0,1,18,1.76,24.006338605506787,2,151.19209
2,2,89,2,59,0,1,2,0,1,19039,1,0,0,2,0,1,6,2.93,143.14718575939548,1,226.05531
2,1,86,1,45,2,0,0,1,0,18681,2,0,2,1,1,2,18,1.12,83.99314150886804,0,196.0116
3,3,121,2,45,3,0,0,0,1,18761,0,0,1,2,1,0,30,2.88,118.98544320249543,0,383.64616
1,2,75,0,38,0,0,2,1,1,19209,2,0,2,0,1,0,6,1.69,118.4,0,125.2816
2,3,109,0,36,2,0,1,1,1,19126,3,0,0,2,1,2,18,3.3,64.8,2,181.65009
2,3,111,1,52,0,0,1,1,1,18335,2,0,2,2,2,2,6,1.18,66.6,2,274.2626
1,1,37,2,55,0,0,2,0,0,19526,3,0,1,0,2,2,6,3.59,59.966084505600335,2,231.13587
2,5,145,0,60,0,0,1,0,1,19776,1,0,2,1,2,1,6,2.94,86.4,0,154.86189
3,2,124,0,71,0,0,2,0,0,19097,3,0,2,1,0,1,6,1.67,199.1344654494499,2,163.41496
2,3,114,2,48,0,0,1,1,0,18695,2,0,1,1,1,0,6,2.59,67.8,2,293.60374
2,2,93,2,14,0,1,1,1,1,18652,0,0,0,2,1,1,6,1.61,55.8,1,193.58434
1,1,59,0,54,0,1,0,1,0,19791,1,0,1,1,2,1,6,1.62,56.99908020235548,2,113.77768
1,1,59,1,69,1,0,1,1,0,18749,2,0,1,1,2,1,13,2.4,35.58314071895976,2,176.2335
1,2,66,2,44,2,1,0,1,1,19424,3,0,2,1,1,2,18,2.44,66.0,0,316.36422
1,1,29,0,60,0,0,0,1,0,18515,2,0,1,1,0,1,6,1.14,29.0,2,81.73613
1,1,35,0,46,0,0,1,0,1,18423,0,0,2,2,0,0,6,3.96,21.0,0,61.16691
1,3,120,2,49,1,0,2,0,1,18690,2,0,1,2,1,1,13,2.38,190.4,0,281.07825
3,2,149,0,22,2,1,1,0,0,18692,2,0,1,2,1,0,18,2.96,88.8,1,180.89184
1,1,53,1,39,2,1,1,0,1,19186,2,0,0,1,1,1,18,1.04,31.96785529217532,1,112.5077
1,1,39,0,47,0,0,0,0,1,18818,2,0,1,1,1,0,6,1.89,37.00347923456839,2,103.9781
2,2,86,1,15,2,1,0,1,1,18957,0,0,2,1,0,1,18,2.96,83.99314150886804,1,193.2984
1,1,31,0,63,0,0,2,0,1,18849,1,0,1,0,1,2,6,2.52,50.36826513016243,1,100.7381
1,1,68,0,35,0,0,1,0,1,19052,0,0,2,0,1,1,6,3.34,40.2,2,119.76785
1,1,55,2,60,2,1,0,1,0,18810,3,0,1,2,2,1,18,2.0,52.99996000879806,0,230.39902
1,1,72,1,55,0,0,2,1,1,19068,3,0,1,2,2,2,6,1.51,116.8,2,274.64719
1,1,28,1,44,2,0,2,0,1,19762,0,0,0,0,1,1,18,2.84,43.2,0,154.47082
3,1,145,2,22,0,1,1,0,1,19602,2,0,2,0,1,1,6,2.76,87.40223183620347,2,388.03815
1,1,42,1,40,0,1,2,0,1,18401,0,0,2,2,2,2,6,2.27,62.4,0,159.24677
3,3,105,0,38,2,0,0,0,1,19302,3,0,2,2,2,0,18,3.0,102.98896242826576,2,196.95277
1,1,64,1,56,2,0,2,0,1,18986,1,0,2,2,2,2,18,3.4,104.0,0,238.0323
3,5,145,0,66,0,0,1,0,1,19536,2,0,1,2,1,0,6,2.25,87.6,0,136.55235
2,2,99,1,50,3,1,1,0,1,18657,1,0,2,1,0,2,30,2.16,59.685043564189385,1,194.68713
1,1,55,2,30,0,0,0,0,0,18439,1,0,1,1,0,0,6,3.02,52.99996000879806,0,153.63407
1,1,28,1,65,1,1,0,1,1,19533,3,0,2,0,1,1,13,1.78,26.005898702285496,2,198.01419
1,4,135,2,63,3,0,0,1,0,18349,1,0,1,1,2,0,30,3.49,132.9823638799464,1,304.88763
1,1,38,1,68,2,1,2,0,1,19357,1,0,2,1,1,2,18,3.02,60.8,2,228.90124
2,2,103,1,45,0,0,0,0,0,18481,3,0,1,1,0,2,6,2.01,101.0,1,125.78229
1,3,124,0,55,3,0,0,1,1,19269,0,0,1,0,2,2,30,3.36,121.9847833476635,0,185.80271
4,1,149,1,38,1,0,0,0,1,19727,2,0,1,0,0,2,13,1.05,148.0,1,240.27178
2,1,92,2,40,0,1,1,1,1,18424,1,0,1,0,0,1,6,1.6,55.467210566274204,2,309.78986
1,1,32,1,54,3,0,2,0,0,18708,1,0,2,0,0,1,30,2.23,51.2,2,275.2972
2,2,143,1,66,0,0,0,0,1,19096,1,0,2,1,0,0,6,2.26,140.98060426706124,2,297.86634
2,2,116,0,31,0,0,2,1,0,19467,2,0,1,2,1,1,6,2.45,185.6,0,147.46079
1,2,101,0,37,0,1,1,0,1,18418,2,0,2,2,0,1,6,1.42,60.6,2,138.04173
4,5,148,0,26,0,1,1,1,1,19372,0,0,1,1,1,1,6,3.38,89.2098745495957,0,156.40398
1,1,57,2,34,0,0,0,0,0,18473,1,0,0,2,2,0,6,3.2,54.99952010557677,2,214.61653
1,1,58,0,38,0,0,2,1,1,19759,3,0,0,1,2,0,6,1.51,93.55845231963299,1,78.759
1,3,112,2,62,0,0,0,0,1,19004,0,0,0,1,1,1,6,2.66,111.0,0,2506.0022
2,2,63,0,33,0,0,1,0,0,19690,0,0,2,0,1,1,6,3.08,37.8,1,53.70713
2,2,103,0,51,0,0,2,0,1,19373,0,0,2,1,0,2,6,4.2,166.4,2,185.62137
1,4,131,2,36,2,0,1,1,1,19319,1,0,2,1,2,1,18,1.89,78.9665658403731,1,321.12665
1,2,82,2,3,0,0,1,0,1,18528,3,0,0,1,1,2,6,3.72,49.2,2,306.37479
3,2,105,2,53,1,1,2,0,0,18894,2,0,2,0,1,1,13,2.06,168.7413707605632,0,304.65542
1,2,76,0,61,1,1,0,0,1,18646,2,0,1,0,2,1,13,1.17,77.0,1,81.13964
4,5,146,2,9,1,0,1,0,1,19008,2,0,0,2,2,1,13,1.47,88.00477940733421,1,313.02651
1,2,142,2,48,0,0,1,0,0,18442,0,0,1,1,1,2,6,4.43,85.2,1,192.67956
2,1,85,0,41,0,1,2,0,1,18549,3,0,0,2,1,1,6,1.93,137.6,0,123.31358
3,4,144,2,28,0,0,2,1,1,18336,1,0,1,1,1,1,6,2.34,231.12719670090954,0,320.38903
1,1,48,2,44,0,1,0,0,1,18943,2,0,0,1,1,2,6,1.34,48.0,1,121.72138
2,2,97,0,11,2,0,0,0,1,19013,2,0,1,2,2,2,18,2.53,94.99072204115093,1,210.78195
1,3,121,0,54,0,1,2,1,1,18813,2,0,1,0,1,2,6,2.22,195.2,0,166.94842
2,1,93,2,49,0,0,1,1,1,19504,3,0,1,1,0,1,6,3.77,55.8,1,172.8451
2,1,124,1,25,0,0,2,0,1,19466,3,0,0,1,1,2,6,1.49,200.0,0,287.79891
1,1,62,1,50,0,0,1,1,0,18703,1,0,2,2,1,2,6,2.74,36.6,0,136.13616
1,1,56,0,60,0,0,1,1,1,18267,0,0,2,1,1,1,6,1.87,33.6,0,81.14139
1,1,33,1,53,3,0,2,0,1,19537,2,0,0,2,2,2,30,2.3,53.5675382553084,1,160.87974
2,2,120,1,40,0,1,2,0,1,19575,0,0,2,0,2,0,6,4.18,192.73591919915796,1,226.27788
1,2,107,1,33,0,1,0,1,1,19488,1,0,0,1,2,1,6,2.55,106.0,0,231.52059
1,1,79,1,54,0,0,2,0,0,18963,2,0,0,1,1,0,6,2.69,127.15082013366563,0,155.31068
2,2,101,1,46,0,0,2,0,1,19569,0,0,1,0,2,2,6,1.2,158.4,0,253.79374
5,4,134,0,65,0,1,1,0,1,19173,3,0,2,2,1,2,6,3.6,80.4,1,103.92186
2,3,107,2,20,0,0,0,0,0,18786,2,0,1,2,2,0,6,1.15,106.0,2,324.35022
1,1,34,2,0,3,0,2,0,1,18501,1,0,1,2,2,1,30,2.4,55.16717481788138,2,344.9747
1,2,129,2,43,0,0,1,0,1,18861,0,0,1,2,1,1,6,3.49,77.76147069811162,2,364.13997
1,1,56,1,62,0,0,0,0,0,19648,0,0,2,1,2,0,6,1.61,57.0,2,174.42182
2,1,108,2,25,0,0,0,1,0,18485,2,0,1,0,2,1,6,2.13,107.0,2,308.50126
1,1,88,2,49,0,0,0,1,1,18998,1,0,1,0,2,0,6,3.44,89.0,0,269.543
1,1,30,0,32,0,1,1,1,0,18542,1,0,1,0,0,1,6,3.26,18.109261156168277,1,31.43738
1,1,46,1,42,2,0,1,0,1,19660,0,0,1,1,2,1,18,2.44,27.6,1,120.21745
1,1,55,0,62,3,0,2,1,1,18519,3,0,0,1,0,2,30,2.92,86.4,2,163.30864
2,2,101,1,49,3,0,0,1,1,18702,2,0,1,1,1,1,30,1.47,98.98984223470835,1,220.70301
1,1,60,0,55,0,0,1,0,1,19573,2,0,1,0,0,1,6,2.51,36.6,0,81.01431
2,2,103,1,39,3,0,2,0,1,18387,0,0,1,2,1,1,30,2.54,165.54209763541724,0,300.86274
1,1,55,2,41,0,0,2,0,1,19237,1,0,2,0,1,2,6,2.72,86.4,2,315.37693
2,2,94,1,62,0,0,0,0,1,18541,0,0,1,2,2,1,6,3.15,91.99138189598287,2,249.5552
2,2,89,0,42,0,0,1,0,1,19647,0,0,1,0,1,1,6,3.31,53.65956785288198,1,64.97834
1,1,24,0,46,0,0,2,0,1,18590,0,0,1,1,2,0,6,4.38,39.170809192151545,0,69.84895
3,2,124,1,46,3,0,0,0,1,19145,0,0,1,0,0,2,30,2.83,124.0,2,352.69343
2,1,77,1,36,2,0,2,0,1,19612,2,0,1,1,1,0,18,1.97,123.95154700851967,1,274.71452
1,4,132,1,54,0,0,2,0,1,18450,1,0,2,2,2,2,6,1.7,211.2,0,301.07468
1,1,22,2,68,2,1,2,1,1,19698,2,0,1,1,1,1,18,2.62,35.2,2,302.3701
1,1,58,2,0,2,0,0,0,1,18978,1,0,2,1,1,0,18,2.06,59.0,1,205.05907
2,1,91,0,39,0,0,0,1,1,19539,1,0,1,0,1,1,6,1.62,92.0,2,156.49673
3,3,113,2,4,0,0,1,0,1,18566,3,0,0,1,0,2,6,2.75,67.8,1,198.58693
1,1,23,2,54,3,0,1,1,1,19316,3,0,1,1,0,1,30,3.42,14.4,2,322.2097
1,1,20,2,49,2,1,2,1,1,19597,3,0,2,0,2,1,18,3.49,32.77226294185961,1,163.92609
4,2,132,0,56,0,0,1,0,1,19213,3,0,0,0,0,0,6,2.6,79.56911341150384,2,150.93113
1,1,39,0,22,3,0,2,0,1,19527,0,0,1,0,1,2,30,1.96,63.1653576307463,1,102.00695
4,5,143,1,64,0,0,2,1,1,19765,1,0,0,2,1,1,6,2.75,229.52756013833655,0,314.66011
5,5,143,2,54,0,1,2,0,1,18770,1,0,0,0,2,1,6,3.18,225.6,0,436.02942
1,1,49,0,45,0,0,0,0,1,18316,3,0,0,2,2,2,6,1.43,51.0,2,117.23167
5,4,132,0,30,0,0,1,1,1,19018,2,0,1,1,1,1,6,1.38,79.56911341150384,2,164.95859
1,1,70,2,63,3,1,2,0,1,18908,0,0,0,1,1,0,30,2.51,110.4,1,262.51785
5,3,131,0,66,2,0,1,0,0,19542,3,0,0,0,0,1,18,3.23,79.2,0,125.53585
2,5,135,0,52,0,0,1,1,0,18343,1,0,0,2,1,2,6,2.33,80.4,0,113.45225
2,2,84,0,9,0,1,0,0,1,19751,2,0,1,2,1,0,6,1.65,81.99358141208933,0,125.40229
2,2,103,2,40,2,1,2,1,0,18947,0,0,1,1,0,1,18,3.67,166.4,1,255.58817
2,1,98,2,43,0,0,2,0,1,18311,3,0,0,2,0,0,6,2.32,157.54391482255232,0,298.814
1,1,19,1,57,2,0,1,0,1,19735,1,0,2,1,1,1,18,3.31,11.48123787373013,1,92.02763
1,1,148,0,67,1,0,2,1,1,19168,2,0,1,1,1,1,13,2.18,236.8,0,197.56165
5,3,138,2,35,1,0,0,0,1,19641,0,0,2,0,1,2,13,3.26,139.0,1,357.31737
5,2,136,2,55,2,0,0,1,0,19471,2,0,2,1,2,2,18,2.62,133.98214392833574,1,310.68581
1,1,56,1,67,0,0,1,1,1,18916,0,0,1,0,1,2,6,2.96,33.0,0,138.71236
2,2,104,2,51,0,1,2,0,1,19462,2,0,1,2,1,1,6,1.98,167.14173419799022,2,438.77479
1,2,107,2,59,2,0,1,1,1,19107,1,0,1,0,2,1,18,3.07,64.50542413323531,0,321.40182
2,3,108,0,20,0,1,1,0,0,19354,3,0,1,1,1,2,6,3.23,65.10797170436605,0,106.63107
4,5,140,0,26,2,1,1,0,1,18657,1,0,2,1,2,2,18,2.77,84.38949398054977,0,172.89109
1,4,138,1,56,0,0,2,0,1,19605,2,0,2,0,2,1,6,2.25,221.52937732547164,1,256.6199
2,1,87,2,45,0,0,0,0,1,19777,1,0,0,0,2,1,6,3.4,86.0,0,236.34511
3,3,112,2,55,2,0,1,1,1,19803,2,0,2,0,1,0,18,1.39,67.51816198888902,2,304.12634
1,1,123,0,46,0,1,0,0,1,18850,1,0,2,1,1,2,6,3.3,123.0,1,181.47853
1,3,126,2,51,2,0,2,0,0,19135,2,0,0,1,0,2,18,2.38,202.33373857459586,1,298.99568
1,1,74,2,71,0,0,0,0,1,19026,0,0,2,2,0,0,6,2.43,71.99578092819579,0,232.17781
1,2,111,2,65,0,0,2,1,1,19395,2,0,2,1,1,0,6,2.39,178.33919013600112,0,369.35174
2,2,90,2,49,1,0,1,0,0,19067,0,0,1,1,2,2,13,1.84,54.26211542401272,2,306.56834
2,4,138,0,71,3,1,1,0,1,18550,1,0,1,1,2,2,30,2.24,82.8,2,205.56615
1,1,75,0,48,0,0,2,1,1,18634,2,0,1,2,2,0,6,1.61,121.6,0,124.02127
1,1,24,0,65,0,0,1,1,1,18325,0,0,1,1,0,2,6,2.12,14.493975729383834,1,34.24193
1,1,88,1,9,0,1,0,0,1,19066,1,0,1,1,2,1,6,2.91,85.99270160564674,1,147.91502
1,1,48,2,19,0,0,2,1,1,18266,2,0,2,0,1,2,6,2.0,77.56208669390315,0,238.47084
1,1,54,1,62,0,0,2,1,0,19770,3,0,1,1,1,1,6,1.9,87.15990606934105,2,275.49357
1,1,49,0,14,0,1,2,1,1,18763,1,0,0,0,1,1,6,1.8,81.6,0,99.21635
1,1,69,2,59,2,1,1,0,0,18277,0,0,1,0,1,0,18,2.87,41.60861643026716,0,182.83485
2,1,60,0,57,0,1,1,1,1,18650,0,0,1,2,2,1,6,4.57,36.0,1,108.57208
5,5,143,2,53,2,0,1,0,0,19727,0,0,1,1,1,2,18,3.98,86.19713669394199,1,283.15881
2,2,84,1,55,2,0,2,0,1,19505,3,0,1,2,0,1,18,3.21,135.14900294653054,0,251.62249
1,1,48,2,53,3,0,1,0,1,19626,2,0,0,0,1,2,30,3.06,28.955117436521615,1,195.15144
1,1,28,2,58,2,0,0,0,0,18845,1,0,2,1,1,2,18,3.0,27.0,2,239.249
1,1,63,1,43,2,1,1,0,1,18867,0,0,0,0,1,1,18,3.21,37.99333100348272,1,112.60657
3,3,111,0,50,0,0,1,1,1,18584,3,0,1,0,0,0,6,3.32,66.0,1,83.93666
2,2,96,1,74,2,0,0,1,1,18476,2,0,1,0,2,1,18,1.78,93.99094199276158,2,273.04537
2,2,88,1,24,0,0,0,0,0,19358,1,0,1,2,1,2,6,3.43,85.99270160564674,2,204.64068
2,2,109,1,61,0,0,1,1,1,19347,2,0,1,2,1,1,6,1.25,65.4,2,261.48013
1,2,109,0,58,2,0,2,0,1,19301,0,0,1,0,1,1,18,4.43,175.13991701085516,2,199.2974
5,5,141,2,35,0,0,2,0,1,18691,2,0,1,2,1,0,6,1.01,226.3282870131906,1,386.099
1,1,42,0,55,3,1,0,0,0,19495,3,0,1,1,1,0,30,1.8,41.0,1,70.74257
2,2,122,2,46,2,0,2,1,1,18683,3,0,1,1,0,0,18,2.52,195.2,0,421.08151
3,2,126,1,70,2,0,0,0,0,19667,3,0,1,0,2,0,18,2.26,127.0,1,185.02238
1,4,139,1,33,3,0,0,0,1,18566,1,0,2,1,1,2,30,2.28,140.0,1,278.17436
1,1,45,1,4,0,1,0,0,0,19806,0,0,2,0,2,0,6,3.2,43.00215952490451,0,129.26516
1,2,145,0,38,2,0,2,1,1,18283,1,0,0,2,1,1,18,2.41,232.72683326348252,2,229.8035
2,2,88,1,64,0,0,1,0,0,18832,0,0,1,0,1,2,6,2.91,52.8,0,134.34869
1,1,53,1,38,0,0,2,1,1,19708,0,0,1,1,1,1,6,2.26,83.2,2,217.89522
1,2,82,1,70,3,1,2,0,1,19104,3,0,0,0,0,1,30,1.34,131.94972982138458,0,254.54426
1,1,30,2,31,1,0,1,1,1,18712,2,0,2,0,1,1,13,2.16,18.0,2,269.06631
2,1,96,1,45,1,0,2,1,1,19574,1,0,0,1,1,0,13,2.01,155.2,2,312.75705
1,1,57,2,31,3,1,2,1,1,19010,0,0,0,1,2,1,30,3.7,92.8,0,351.51918
3,3,122,1,45,1,0,2,0,1,18375,2,0,1,1,0,2,13,2.51,195.93519232430393,1,239.88802
1,1,132,1,31,0,0,2,0,1,19470,1,0,1,1,1,1,6,2.06,211.93155795003375,2,344.53039
1,1,17,0,19,1,0,0,0,1,18908,3,0,0,0,2,2,13,2.43,15.008318170002598,1,48.62686
2,2,102,0,58,1,0,2,0,1,19507,2,0,1,1,2,1,13,2.87,163.2,1,134.72719
1,1,26,1,54,2,0,1,0,1,18724,3,0,2,1,2,2,18,1.98,15.6,0,153.21907
1,1,23,2,47,3,0,0,0,0,19551,3,0,1,1,0,2,30,3.74,21.006998460338725,2,273.01928
1,1,35,2,58,2,0,1,0,1,19206,2,0,2,0,0,2,18,1.65,21.121999011821984,2,279.22659
1,1,87,2,50,3,0,1,1,1,19201,3,0,1,1,1,0,30,1.95,51.6,1,240.66786
1,1,53,0,53,2,0,1,1,1,19369,2,0,0,1,0,2,18,2.49,30.6,1,119.73483
1,1,98,2,42,3,0,0,0,0,18419,1,0,2,1,1,1,30,2.66,95.99050208954029,1,241.31969
3,1,124,0,68,0,0,1,0,1,18645,2,0,1,1,2,0,6,1.4,73.8,2,140.86082
1,1,38,1,17,0,0,2,1,1,19746,3,0,2,1,1,1,6,3.69,61.56572106817332,1,119.61962
3,3,103,1,66,0,0,2,1,0,19786,3,0,1,2,0,2,6,2.23,165.54209763541724,1,265.45853
1,1,43,2,36,2,0,0,0,1,19197,1,0,0,2,1,2,18,1.69,43.0,1,176.45573
3,3,112,0,62,2,0,2,0,1,18881,3,0,0,1,2,1,18,3.14,179.2,2,211.94804
4,5,142,0,52,1,1,0,0,1,19161,2,0,0,0,1,2,13,1.59,139.98082421867187,1,141.36646
1,1,65,0,36,0,1,0,0,0,19619,0,0,1,2,1,2,6,4.94,62.997760492691604,2,113.84749
3,3,117,1,33,0,1,0,0,0,18623,3,0,0,0,0,0,6,2.58,117.0,2,205.18032
1,1,20,1,69,0,1,0,1,1,19390,2,0,2,0,1,1,6,2.61,21.0,2,234.90466
1,1,44,0,58,0,0,2,0,1,18485,0,0,1,1,1,0,6,2.43,71.16354044361121,0,188.65844
3,2,122,0,23,0,0,1,0,1,18304,2,0,1,1,1,1,6,1.06,73.54363770019643,0,205.66026
1,1,78,0,68,3,0,2,0,1,19009,2,0,1,1,1,2,30,2.82,125.55118357109265,2,189.32537
1,1,57,0,34,0,0,2,1,0,18766,3,0,1,1,2,2,6,1.55,89.6,0,94.79831
1,1,62,1,22,0,0,2,0,1,19369,2,0,1,1,1,2,6,2.79,99.95699856992492,0,192.86668
1,1,68,1,31,0,0,0,1,1,19258,0,0,2,1,0,0,6,1.71,67.0,2,228.47969
1,3,106,2,36,0,1,2,0,0,19116,0,0,0,1,0,1,6,4.73,170.34100732313618,2,343.55746
4,5,149,1,60,0,1,0,0,1,18508,3,0,0,2,1,1,6,3.51,146.97928455739736,1,212.70892
3,3,105,0,35,1,0,2,1,1,18682,3,0,1,0,0,1,13,3.05,166.4,0,162.44479
1,2,107,2,47,2,0,2,0,1,19671,2,0,2,1,0,2,18,1.25,171.2,2,479.65941
2,1,71,1,52,3,0,0,0,1,18885,3,0,1,1,1,1,30,2.09,71.0,1,184.34639
4,5,146,2,38,0,0,1,0,1,19602,0,0,1,1,0,1,6,4.18,87.0,1,281.88428
1,1,46,2,33,1,1,2,0,0,19802,0,0,1,1,0,1,13,4.6,74.36281356875719,0,208.14683
1,1,53,1,54,2,1,0,1,0,19486,1,0,1,0,1,1,18,1.61,51.000399912019354,0,157.96696
5,3,137,1,10,2,0,2,0,1,19149,1,0,2,1,0,1,18,3.39,217.6,2,407.1443
3,3,108,1,6,0,1,1,0,1,19482,2,0,2,1,2,1,6,2.44,65.4,1,249.23883
3,4,136,2,32,2,0,2,1,1,18631,2,0,1,0,2,0,18,2.45,218.33010420032568,2,398.00244
1,1,46,1,61,2,1,0,1,1,18682,2,0,2,1,0,2,18,1.83,45.0,1,127.21809
1,1,50,1,53,1,0,0,0,1,18938,3,0,1,1,1,1,13,2.41,50.0,0,155.81411
3,1,127,2,50,0,0,2,1,1,19176,1,0,1,1,2,1,6,2.24,203.93337513716884,1,345.07634
2,2,97,0,45,3,1,1,0,1,18409,0,0,2,0,2,1,30,4.3,58.47994842192791,1,112.87251
2,2,107,0,8,1,0,1,1,0,19799,1,0,2,1,2,2,13,3.38,64.2,1,103.70569
3,2,123,1,43,0,1,2,0,1,19516,0,0,1,1,2,2,6,4.32,197.5348288868769,0,299.83383
2,3,106,0,13,0,0,2,1,0,19082,1,0,2,1,0,0,6,3.38,170.34100732313618,0,138.80494
2,2,106,2,67,0,0,2,0,1,19394,2,0,2,0,1,2,6,2.61,169.6,2,438.30218
1,2,69,2,49,0,1,2,0,0,19564,2,0,1,1,1,2,6,2.74,112.0,2,305.19865
1,3,128,1,49,2,1,2,0,1,18525,2,0,0,1,1,1,18,1.48,203.2,1,248.73593
1,1,38,2,57,2,0,2,1,0,18686,0,0,1,2,1,1,18,2.54,59.2,2,270.83225
1,2,74,1,57,0,0,0,0,1,19497,0,0,1,2,2,2,6,4.91,71.99578092819579,2,243.21791
1,1,24,2,56,0,0,2,1,1,18808,3,0,0,1,1,1,6,1.75,38.4,1,98.25825
2,3,109,0,57,0,0,2,0,1,18625,1,0,0,1,1,2,6,3.16,175.13991701085516,1,198.86066
2,2,95,0,37,0,1,0,0,1,19731,1,0,0,0,1,2,6,1.62,95.0,2,156.45879
3,2,122,1,23,0,1,0,0,1,19232,3,0,0,1,2,1,6,2.19,121.0,2,287.8237
1,1,78,1,56,0,0,0,0,0,18315,2,0,2,0,0,1,6,1.51,78.0,1,89.2513
1,1,23,0,52,1,0,2,0,0,18702,3,0,2,0,1,1,13,3.04,36.8,0,61.92446
2,2,83,0,70,2,0,0,0,1,18491,1,0,0,0,0,1,18,2.66,80.99380136369997,0,110.94256
1,1,21,0,45,0,0,0,1,1,19763,2,0,2,1,1,0,6,2.65,19.007438363560016,0,74.33539
2,3,127,0,60,1,0,1,1,0,19011,2,0,1,2,1,2,13,2.89,76.8,2,148.41582
1,3,140,0,43,0,0,0,1,1,18361,3,0,0,2,1,1,6,2.46,140.0,1,204.15507
2,2,99,2,58,3,0,1,1,1,19794,0,0,2,1,2,0,30,4.89,59.685043564189385,0,387.25592
3,1,120,1,38,0,0,0,0,1,18513,3,0,1,1,0,0,6,3.3,120.0,2,262.25759
1,2,64,2,53,0,0,1,0,0,19194,1,0,2,1,0,0,6,3.12,38.4,2,224.47509
3,2,116,0,36,0,0,1,0,0,18576,0,0,1,2,1,0,6,1.36,69.92835227341197,0,215.52602
5,4,136,1,65,0,0,2,1,1,19149,3,0,1,1,1,2,6,3.62,218.33010420032568,1,5041.2354
1,1,75,2,52,2,1,2,0,0,19198,0,0,2,0,0,0,18,3.65,120.0,1,184.88418
2,1,96,0,35,2,1,2,1,1,19267,0,0,2,1,1,2,18,2.04,152.0,2,207.61833
2,2,117,0,35,0,0,2,1,1,19267,0,0,2,0,2,2,6,3.54,187.93700951143902,0,176.95716
1,2,66,2,48,1,0,2,0,1,18482,2,0,1,2,1,2,13,2.44,106.35554482021685,2,362.60975
1,1,73,2,61,0,0,1,0,1,19253,0,0,0,0,1,0,6,3.94,45.0,1,119.37698
1,3,124,2,45,0,0,0,0,1,18329,3,0,1,1,2,1,6,2.87,121.9847833476635,2,388.23637
1,1,50,0,69,2,0,0,1,1,19168,3,0,2,2,0,1,18,2.56,50.0,2,143.14671
1,1,46,0,39,0,1,1,1,1,18518,3,0,1,1,2,1,6,3.02,27.6,1,54.14585
1,1,66,0,53,1,0,1,0,1,19058,2,0,2,0,1,2,13,1.63,39.6,2,126.37749
1,1,74,1,69,0,0,1,1,0,19402,0,0,1,1,2,1,6,2.65,44.621354285920866,2,182.69432
2,2,60,2,28,0,0,1,1,0,18739,0,0,1,2,1,1,6,1.3,36.1856882900905,0,195.30491
2,1,74,2,61,2,0,2,0,0,19695,2,0,2,0,1,0,18,1.19,119.15263732080072,0,270.64079
1,1,44,2,47,2,0,2,0,1,19351,0,0,0,2,2,2,18,4.7,73.6,2,356.032
1,3,114,0,71,0,0,0,0,1,19188,0,0,0,2,0,0,6,4.02,111.0,2,152.99477
1,3,117,0,40,0,0,2,0,1,18591,3,0,2,0,2,1,6,3.14,187.93700951143902,0,159.37873
1,1,57,1,56,0,1,2,0,0,18508,0,0,2,0,2,2,6,4.25,91.95881575706001,1,100.78649
2,1,65,2,62,2,0,2,0,1,18627,1,0,1,1,2,2,18,3.31,104.75590825764387,1,235.793
2,2,66,0,0,3,0,0,1,1,19280,0,0,1,1,0,1,30,4.63,63.99754054108095,2,184.94654
2,2,100,2,13,0,1,1,1,1,18984,0,0,1,2,1,1,6,1.2,60.6,2,379.59629
1,1,76,2,53,0,0,0,0,1,19660,1,0,0,0,1,1,6,2.04,75.0,2,6050.5916
1,1,37,2,46,0,1,1,0,0,18344,3,0,2,1,0,0,6,2.96,22.327094154083465,2,180.89956
4,4,139,1,68,0,0,2,0,1,19466,3,0,0,0,0,1,6,3.61,220.8,0,304.82575
2,2,96,1,55,2,0,2,0,0,19586,3,0,2,1,1,1,18,1.53,154.34464169740636,1,192.62001
1,2,82,0,25,0,1,0,0,1,18998,3,0,0,2,2,1,6,2.14,82.0,1,85.17434
2,2,67,0,57,0,0,0,1,0,18376,2,0,1,0,2,2,6,2.66,64.9973205894703,2,112.07211
1,2,89,1,37,0,0,2,0,0,19747,0,0,1,2,0,2,6,4.52,142.4,0,280.15361
1,1,61,2,44,0,0,1,1,1,19029,0,0,2,1,1,1,6,1.88,36.0,2,289.75282
1,1,72,0,41,1,0,2,0,1,19561,1,0,1,1,2,0,13,2.79,113.6,0,135.53767
2,2,86,0,57,1,0,0,1,1,19003,1,0,2,1,0,1,13,2.14,83.99314150886804,0,129.49421
1,1,53,0,22,0,0,0,1,1,18298,1,0,1,2,0,1,6,1.78,52.0,0,214.66588
5,2,134,2,28,0,0,1,1,1,18701,0,0,0,0,1,0,6,2.85,81.0,1,224.73779
1,1,49,1,7,0,0,2,1,1,18730,3,0,2,2,2,2,6,1.89,78.4,0,197.932
1,1,95,1,10,0,1,0,0,1,18908,3,0,2,1,0,1,6,2.24,92.99116194437222,0,178.29389
3,1,120,1,29,0,0,1,0,1,19306,1,0,2,1,1,2,6,2.71,72.33854255793494,0,217.6485
1,1,18,2,33,2,0,1,0,1,18899,3,0,1,0,0,1,18,1.74,10.87869030259939,1,107.22524
1,1,23,1,25,0,0,2,0,1,19093,1,0,1,0,0,1,6,1.93,37.571172629578555,1,59.36197
1,1,67,2,38,0,0,2,0,1,19032,3,0,0,0,0,2,6,1.32,107.2,2,315.61711
1,3,105,0,41,0,0,0,1,0,19053,1,0,2,1,1,0,6,3.08,105.0,2,138.48531
1,1,41,0,61,2,0,0,0,1,18809,3,0,1,2,2,0,18,2.89,42.0,2,2578.1786
2,2,93,2,56,2,0,2,0,1,19484,1,0,1,1,0,2,18,3.38,149.5457320096874,0,372.50135
3,3,108,2,57,0,0,2,0,1,19802,0,0,1,1,1,0,6,4.21,169.6,1,293.23744
4,5,140,1,39,0,0,0,1,1,19711,0,0,0,2,2,2,6,3.25,137.98126412189316,2,366.54242
2,2,106,0,47,1,0,1,1,1,18922,0,0,2,1,0,1,13,3.5,64.2,1,105.50857
1,1,73,1,58,0,0,0,1,1,18871,3,0,0,2,1,1,6,2.68,72.0,2,218.00458
1,1,29,2,50,2,1,2,1,1,18361,3,0,0,2,2,1,18,2.33,48.0,1,169.95885
2,1,95,2,56,0,0,2,1,1,19671,2,0,1,2,2,2,6,2.89,152.0,1,290.44639
4,4,138,1,8,0,0,1,1,1,18374,0,0,0,2,2,0,6,3.76,83.18439883828829,0,234.9889
1,1,59,2,61,2,0,1,1,1,19422,0,0,1,1,2,1,18,3.44,35.58314071895976,1,191.80679
1,1,77,0,55,3,0,2,0,1,19213,0,0,1,1,1,2,30,4.59,123.95154700851967,2,195.20114
1,2,87,0,40,0,0,1,0,1,18352,0,0,0,0,1,1,6,3.9,52.2,2,113.91137
5,4,136,2,23,2,0,1,0,0,18540,3,0,0,2,1,2,18,3.31,81.0,2,371.3967
1,1,90,2,48,0,0,2,1,1,18471,2,0,1,2,1,2,6,1.97,144.74682232196847,1,254.27683
5,4,133,1,47,2,1,0,1,1,19328,3,0,2,0,1,0,18,2.96,132.0,1,254.76061
1,1,37,0,51,0,0,2,0,1,18269,2,0,1,0,2,1,6,1.9,59.966084505600335,1,47.92356
2,2,90,2,35,2,0,2,0,1,19538,1,0,1,2,1,1,18,1.72,144.74682232196847,2,321.44973
1,1,26,0,53,0,0,0,0,1,18627,1,0,1,1,2,1,6,2.45,24.006338605506787,0,68.82897
1,1,98,1,65,3,0,1,0,1,18385,3,0,2,1,2,2,30,2.68,58.2,0,239.32018
1,1,35,0,51,0,0,2,1,0,19255,0,0,1,1,1,1,6,1.24,56.766811380454364,0,74.70463
1,1,22,0,43,2,0,2,0,1,19748,3,0,1,1,1,1,18,3.18,35.2,0,95.10928
1,1,50,1,42,0,1,2,1,0,19315,0,0,1,0,1,2,6,2.87,78.4,0,143.47129
2,1,97,1,48,0,1,2,0,1,19002,1,0,2,0,1,2,6,3.44,155.2,2,287.15197
3,2,118,0,10,3,0,0,1,1,18580,2,0,1,1,2,1,30,2.51,115.98610305732737,0,187.26617
2,1,128,0,54,0,1,1,0,1,19338,0,0,1,1,1,1,6,2.48,77.15892312698088,0,119.64812
2,4,140,1,14,0,0,1,0,1,19006,0,0,1,1,2,2,6,2.97,84.0,2,300.77182
2,2,105,2,50,3,1,2,1,1,18470,2,0,1,0,2,1,30,2.4,168.0,0,444.56516
1,1,45,0,22,2,0,1,1,1,18776,2,0,1,2,2,0,18,1.55,27.0,0,107.59629
3,2,129,1,44,0,0,2,0,0,19051,2,0,1,1,2,0,6,2.55,207.1326482623148,0,233.69066
1,1,24,2,31,1,0,2,0,0,19363,3,0,1,1,0,1,13,3.11,40.0,0,164.43206
3,5,146,2,48,0,1,2,1,1,18560,0,0,1,0,1,2,6,2.1,234.3264698260555,2,513.093
1,1,40,0,33,0,0,0,0,1,19289,2,0,0,1,1,2,6,1.5,37.0,2,184.18116
1,2,92,2,24,0,0,1,0,1,19609,3,0,0,0,2,1,6,3.09,55.467210566274204,0,254.21612
1,1,60,1,56,0,0,2,1,1,19146,3,0,2,1,1,2,6,3.24,96.75772544477896,2,244.39031
1,2,96,2,46,0,1,0,1,0,18973,1,0,0,1,2,1,6,2.72,96.0,2,292.6281
1,1,71,0,57,0,0,2,0,1,18541,3,0,1,1,1,1,6,1.97,114.35372763308177,1,79.00172
1,1,43,0,50,2,1,2,0,1,18389,3,0,1,1,2,0,18,2.38,69.56390388103823,1,74.75105
1,1,22,1,29,2,0,2,1,1,18622,3,0,2,2,1,1,18,3.51,35.97153606700557,0,173.4144
3,2,122,0,48,0,0,1,0,1,18265,2,0,1,2,1,1,6,2.27,72.6,0,121.12918
2,2,89,2,58,2,0,2,0,0,18267,2,0,1,1,1,0,18,3.01,143.14718575939548,2,336.21717
1,1,54,0,36,0,0,0,0,1,18809,0,0,0,2,1,1,6,3.12,52.00017996040871,2,118.47669
3,3,116,1,67,2,1,2,1,1,19794,2,0,0,1,1,0,18,2.51,185.6,0,308.02406
5,4,133,2,45,2,0,0,0,1,18671,3,0,2,1,1,2,18,1.55,130.9828037831677,0,390.4694
1,1,46,0,56,0,0,2,1,0,18683,0,0,1,1,1,1,6,4.29,72.0,1,52.52757
1,1,72,0,38,2,0,0,0,1,18950,1,0,2,2,1,1,18,1.75,69.99622083141708,0,215.52463
1,1,26,1,39,2,0,2,1,1,18596,1,0,1,0,1,0,18,2.46,42.37008231729751,0,152.21845
4,4,145,1,54,0,0,0,0,0,19060,0,0,1,1,1,1,6,4.76,142.98016436383995,0,220.36385
2,1,99,0,56,0,0,2,1,0,19464,3,0,1,0,1,2,6,1.87,159.1435513851253,1,96.47249
2,1,60,0,56,0,1,1,0,1,18961,1,0,1,2,2,0,6,2.46,36.1856882900905,2,196.17191
1,1,24,1,30,0,0,2,1,1,18849,3,0,0,2,1,2,6,2.45,39.170809192151545,0,139.55517
1,1,29,0,33,0,0,2,0,0,19214,0,0,1,1,1,0,6,2.4,44.8,2,88.13581
2,2,85,2,48,0,0,1,0,1,19420,2,0,1,0,1,2,6,2.92,51.249377568359016,2,304.29445
1,1,40,0,12,2,0,0,1,1,19354,2,0,1,1,1,1,18,2.66,40.0,1,81.75812
1,1,23,1,68,0,0,0,0,0,19203,1,0,2,2,1,1,6,1.54,22.0,0,95.59587
1,2,96,0,56,0,1,0,0,1,19712,0,0,2,1,1,1,6,2.98,97.0,2,158.91664
1,1,83,0,36,0,0,2,0,1,18544,2,0,1,0,2,0,6,1.38,133.54936638395756,0,119.33337
1,1,29,1,65,0,0,2,1,0,19290,2,0,1,0,2,1,6,1.03,48.0,1,70.19246
3,2,125,2,45,0,1,0,1,1,18725,0,0,2,0,2,1,6,3.19,122.98456339605285,2,417.27371
4,4,139,0,73,0,1,1,0,1,19479,0,0,2,1,1,1,6,1.77,83.78694640941903,2,167.14779
3,4,133,1,58,1,0,2,1,1,18442,3,0,1,1,2,1,13,1.95,213.53119451260673,0,317.98808
1,1,47,1,18,1,0,2,1,1,18969,0,0,1,0,1,1,13,4.92,75.2,1,133.11111
1,1,53,2,65,0,0,1,1,1,18282,2,0,2,1,2,2,6,2.64,30.6,0,204.28201
1,1,51,2,38,0,1,0,0,1,19133,2,0,2,1,2,2,6,2.96,49.000839815240646,2,299.41969
1,1,52,1,38,0,0,2,1,1,19482,2,0,1,0,0,1,6,1.9,83.96063294419508,1,116.57451
1,1,29,1,43,0,0,2,1,1,18357,3,0,1,2,2,2,6,1.96,46.4,2,197.53328
2,1,98,2,46,2,1,1,1,0,19745,0,0,1,1,1,1,18,2.93,58.8,0,272.95012
2,1,87,0,55,2,1,2,0,1,19544,0,0,1,1,1,0,18,2.17,139.94791263424952,1,118.3736
2,2,93,2,66,0,0,1,0,1,19323,0,0,0,1,1,0,6,2.2,55.8,2,296.68559
1,2,83,1,33,0,0,2,0,0,19703,3,0,0,1,0,0,6,2.7,136.0,2,219.33793
3,2,101,1,23,0,0,2,0,1,18702,3,0,0,0,0,2,6,2.55,161.6,2,282.78057
5,3,131,2,32,1,0,2,0,1,19224,1,0,2,1,0,1,13,2.37,209.6,0,464.04369
1,1,116,1,56,0,0,2,0,1,18419,3,0,2,0,2,1,6,2.93,184.0,0,246.25371
1,1,71,1,67,0,0,1,0,1,19698,1,0,1,1,1,1,6,2.42,42.0,2,211.36132
3,5,141,0,47,0,1,1,1,1,18824,2,0,2,1,1,1,6,2.54,84.0,0,136.69641
5,2,132,2,22,0,0,1,0,1,18528,0,0,0,1,2,1,6,1.82,79.56911341150384,1,246.71194
1,1,25,2,50,0,0,1,1,1,19805,0,0,1,2,1,0,6,2.78,15.0,1,96.36782
4,4,135,2,44,1,0,2,0,1,19552,0,0,2,1,1,1,13,4.07,216.7304676377527,0,475.4446
2,1,143,2,41,0,0,2,0,1,19216,1,0,2,2,1,0,6,2.13,230.4,1,365.07845
2,3,103,1,52,0,0,1,0,1,19493,0,0,1,1,1,2,6,1.36,62.09523384871235,2,255.39242
4,2,144,2,42,2,0,1,0,1,19249,0,0,0,1,1,2,18,4.93,86.79968426507273,2,453.68752
1,1,42,0,45,0,1,2,0,0,18582,0,0,2,0,1,1,6,3.95,67.96426731846525,1,46.24852
3,1,123,1,35,1,0,2,1,0,18808,2,0,2,1,2,2,13,2.6,196.8,0,266.47092
2,1,71,0,56,0,0,1,0,0,19655,1,0,1,1,0,1,6,1.53,42.6,0,175.46508
2,3,116,1,70,3,0,2,0,0,19237,1,0,0,1,0,1,30,1.69,186.33737294886603,2,311.32293
1,2,74,2,57,3,0,2,0,1,19169,0,0,1,1,0,1,30,3.45,118.4,2,423.23177
1,1,35,1,38,0,0,2,0,1,19555,2,1,0,0,0,2,6,1.1,57.6,2,188.49035
4,5,140,2,28,3,0,1,0,1,19399,2,0,0,1,2,1,30,2.24,84.38949398054977,1,343.83342
5,5,134,0,45,3,0,0,1,1,19075,0,0,2,0,0,1,30,3.97,131.98258383155704,0,197.57396
1,2,65,0,31,0,1,2,0,0,19752,0,0,0,2,0,0,6,2.66,104.75590825764387,0,91.36751
1,1,39,2,70,0,0,2,0,0,18320,2,0,2,1,0,1,6,2.3,60.8,0,148.09447
1,1,20,2,33,0,0,0,0,0,18572,0,0,0,1,2,2,6,2.37,18.007658315170662,2,189.19737
1,1,31,0,49,0,0,0,0,1,18371,3,0,2,1,1,1,6,2.11,29.00523884745356,0,71.46134
1,1,65,0,21,0,0,2,1,0,18625,2,0,1,1,2,2,6,1.09,104.75590825764387,2,129.10162
1,1,41,1,43,0,0,2,0,0,19266,0,0,0,0,2,2,6,3.39,65.6,2,166.75554
1,1,36,1,18,0,1,0,0,1,19134,0,0,1,2,1,2,6,4.6,35.0,0,126.39767
3,3,111,0,56,3,0,1,1,1,19253,3,0,1,1,0,1,30,1.81,65.4,1,130.58184
2,1,85,2,7,0,0,0,0,1,18286,0,0,0,1,1,1,6,3.71,82.99336146047868,0,251.71002
3,2,108,2,25,1,0,0,0,1,18413,1,0,1,0,1,2,13,2.21,108.0,1,3620.8370000000004
1,1,52,0,32,0,0,1,0,1,18804,2,0,0,2,1,2,6,2.13,31.2,1,52.82677
1,1,58,1,40,2,0,2,0,1,18591,2,0,2,0,2,2,18,1.38,94.4,1,162.5004
1,2,142,1,56,0,1,0,1,1,18512,3,0,0,1,2,2,6,3.77,139.98082421867187,0,254.6641
1,1,60,2,62,3,0,2,1,1,18484,2,0,2,1,2,2,30,1.13,94.4,0,352.29032
1,1,48,1,17,0,0,0,0,1,19670,2,0,2,2,1,0,6,1.08,46.00149967007258,2,4229.2804
1,1,20,0,57,1,0,2,1,1,19180,0,0,1,1,1,1,13,4.28,32.77226294185961,2,195.40573
3,5,148,2,26,0,0,1,1,0,19398,1,0,2,0,2,0,6,3.35,89.4,0,315.56099
1,1,86,0,59,0,0,1,1,1,18804,2,0,1,1,2,2,6,1.59,51.6,1,72.32297
1,1,52,0,54,0,0,0,1,1,18847,2,0,2,2,2,0,6,1.75,50.0,2,125.74918
1,1,91,0,54,3,0,0,0,0,18676,2,0,0,2,1,2,30,2.87,88.9920417508148,0,211.33658
1,1,63,0,47,1,0,0,1,1,19262,1,0,1,1,1,0,13,2.74,60.998200395912896,2,144.43357
1,1,63,2,49,0,0,0,1,1,18641,3,0,1,1,2,2,6,1.54,64.0,1,179.85409
1,1,119,2,34,3,0,2,1,1,19292,2,0,2,1,1,1,30,2.75,192.0,1,422.58851
2,1,102,1,66,2,0,0,1,1,18404,1,0,2,2,0,1,18,2.38,100.0,1,270.47976
2,3,116,0,64,0,0,1,1,1,19297,0,0,0,2,0,1,6,2.84,69.6,0,202.875
2,1,68,2,50,0,0,1,1,0,19254,0,0,2,2,2,2,6,2.44,41.00606885913643,0,222.31266
3,5,148,2,63,0,0,0,0,0,18545,2,0,0,2,1,1,6,1.99,145.979504509008,0,309.07386
2,1,97,1,34,1,0,1,0,1,18306,0,0,2,1,1,1,13,4.72,58.2,1,145.39841
1,1,59,0,59,0,0,0,1,0,18747,2,0,2,2,1,1,6,2.59,56.99908020235548,0,129.44935
3,1,117,0,35,2,0,1,0,1,18707,0,0,2,2,2,2,18,2.29,70.53089984454272,1,122.34682
1,1,58,1,39,0,0,2,0,1,19619,3,0,0,2,2,1,6,1.98,93.55845231963299,0,182.6746
2,1,74,0,67,2,0,1,0,1,18650,1,0,2,1,2,1,18,3.35,44.4,1,140.09562
1,1,110,1,65,0,1,2,1,0,19354,3,0,1,1,1,2,6,3.19,172.8,0,215.49329
2,5,141,2,34,0,0,2,1,1,19394,0,0,2,1,1,2,6,4.82,225.6,1,417.00747
1,1,70,0,16,0,0,0,1,1,19524,2,0,1,0,1,0,6,2.5,71.0,2,142.12557
2,3,102,1,23,0,0,0,0,1,19614,1,0,2,2,2,1,6,3.28,99.9896222830977,0,242.63318
5,5,132,2,28,3,0,0,1,1,19788,0,0,2,1,1,2,30,2.19,132.0,1,447.50945
1,2,148,2,31,2,0,2,1,1,19236,2,0,0,0,1,1,18,2.25,238.4,1,419.67042
2,1,94,1,44,2,1,1,0,1,18771,1,0,1,0,0,1,18,1.66,56.4,1,143.11076
1,2,69,0,69,0,1,0,0,1,19526,0,0,1,1,0,1,6,3.89,68.0,0,98.00338
3,2,125,0,71,0,0,1,0,0,18778,0,0,2,0,1,1,6,3.97,75.35128041358864,2,122.9839
1,1,23,0,36,0,0,1,0,1,18707,2,0,2,1,1,2,6,1.63,13.891428158253094,0,115.3231
1,1,51,2,60,1,0,2,1,1,18299,2,0,1,0,2,1,13,1.55,81.6,0,246.24276
1,1,36,0,66,0,0,2,1,0,19240,2,0,2,1,0,2,6,1.02,58.36644794302735,0,74.49589
1,3,103,0,44,0,1,1,0,0,19353,2,0,2,1,1,1,6,1.72,62.4,1,68.12517
1,1,49,0,45,0,0,2,1,1,19519,0,0,2,2,2,2,6,3.34,79.16172325647614,1,147.07551
2,1,61,1,34,2,0,2,0,1,18652,2,0,0,0,0,1,18,1.2,99.2,0,195.55564
1,1,93,0,64,1,1,2,0,1,18648,1,0,0,2,1,2,13,3.43,148.8,2,170.46746
1,3,112,2,36,0,0,2,1,1,18754,2,0,1,1,2,1,6,2.46,179.9388266985741,2,434.46664
1,1,120,0,37,0,0,2,0,1,19643,1,0,1,1,1,1,6,1.89,193.6,1,133.7091
2,1,77,1,46,2,0,2,0,1,19184,3,0,1,1,0,1,18,2.83,123.95154700851967,1,3419.3725999999997
2,2,91,0,81,2,0,1,0,1,18651,2,0,1,2,1,1,18,2.11,54.86466299514346,2,150.42451
2,5,149,2,44,0,0,0,0,1,18932,3,0,1,0,1,0,6,1.74,146.97928455739736,1,277.54114
1,1,50,1,18,2,0,2,0,0,18323,3,0,1,1,2,0,18,2.68,81.6,1,119.2975
1,1,43,0,37,0,0,1,0,1,19811,1,0,0,1,1,1,6,2.32,25.94237958086791,1,43.35417
3,2,116,1,44,0,0,0,0,1,19219,3,0,1,2,1,2,6,1.56,116.0,0,236.12089
1,1,27,0,59,1,1,2,1,1,19519,1,0,1,1,1,2,13,2.39,43.2,1,64.47723
1,1,19,0,15,0,1,0,1,0,19058,1,0,0,2,1,2,6,2.41,20.0,0,110.53618
1,1,80,0,36,0,0,1,0,1,19501,1,0,0,2,0,1,6,3.31,48.23663971270531,0,83.87694
1,1,79,2,54,2,0,2,0,0,19715,1,0,0,0,2,2,18,3.22,127.15082013366563,0,275.23401
1,1,22,2,34,0,0,2,1,1,19798,1,0,0,2,1,1,6,3.44,35.2,0,193.1176
1,2,132,2,10,0,0,2,1,1,18667,1,0,1,2,2,1,6,2.76,211.2,2,502.1608
2,2,96,1,45,1,0,1,0,1,18966,2,0,1,0,0,2,13,1.95,57.877400850797166,2,244.24278
3,3,128,2,58,1,0,2,1,1,19748,3,0,2,2,2,0,13,2.83,205.53301169974182,1,410.6043
1,1,49,0,65,0,1,1,0,0,19214,1,0,1,1,2,2,6,1.52,28.8,2,92.01383
1,2,67,1,62,0,0,2,0,1,19371,3,0,1,0,1,1,6,1.92,107.2,0,181.15595
1,1,61,1,45,0,1,1,1,1,19722,2,0,1,0,1,2,6,2.91,35.4,2,210.03776
1,3,101,1,9,0,0,0,0,1,19338,0,0,2,2,1,0,6,1.47,98.98984223470835,0,229.97021
3,2,105,0,59,2,0,0,1,0,18610,0,0,2,1,1,2,18,1.29,107.0,2,157.34892
1,1,33,0,65,0,0,0,1,1,19095,0,0,0,1,2,1,6,1.87,34.0,0,77.34537
1,1,36,0,40,2,0,0,0,1,18611,3,0,1,1,1,2,18,3.37,34.004139089400326,0,96.57702
2,1,79,1,56,1,0,0,0,0,19675,0,0,1,0,2,1,13,3.36,76.99468117014256,2,4311.0886
2,2,90,2,53,0,0,2,0,0,19254,1,0,2,0,2,1,6,3.33,144.74682232196847,2,334.88286
1,1,55,2,44,2,0,2,0,1,18558,2,0,1,1,1,1,18,2.88,88.0,0,271.09459
3,2,132,2,24,0,1,2,0,1,19158,1,0,1,1,1,0,6,2.57,211.2,2,486.33016
1,2,113,1,54,1,0,0,0,1,19123,1,0,0,1,2,1,13,2.47,113.0,1,255.47721
2,1,94,2,21,0,0,1,0,1,18401,2,0,2,1,2,2,6,1.32,56.67230570853568,1,195.99372
1,1,64,0,40,0,1,1,0,0,19060,3,0,0,0,2,1,6,3.4,38.59587857461346,2,90.11415
5,2,134,0,31,0,1,0,0,1,18913,1,0,1,1,0,1,6,2.91,132.0,2,182.68427
4,2,151,1,58,0,0,1,1,1,18549,2,0,0,0,1,0,6,1.05,89.4,1,171.50128
1,1,35,2,34,2,0,0,0,1,19683,2,0,0,1,1,1,18,2.41,36.0,2,304.06999
3,3,126,0,55,2,0,0,0,1,19522,0,0,1,0,1,0,18,1.55,123.9843434444422,1,132.80321
4,5,141,0,45,0,1,1,0,1,18692,3,0,2,1,1,1,6,2.16,84.6,0,141.42154
1,1,54,2,59,0,0,0,0,1,18769,3,0,1,2,1,2,6,2.16,52.00017996040871,0,211.85183
1,1,40,1,33,3,1,2,1,1,18265,3,0,1,1,1,2,30,2.8,64.76499419331928,0,216.60641
2,2,90,2,17,0,0,0,0,0,18665,3,0,0,1,1,2,6,1.51,87.99226170242545,2,289.11953
2,1,97,2,44,2,0,2,1,0,18513,1,0,2,2,1,1,18,1.82,155.2,1,268.55608
2,1,86,0,43,0,0,1,0,1,19229,3,0,1,2,0,2,6,2.22,51.6,2,136.7994
1,1,59,0,20,2,0,0,0,1,18868,0,0,2,1,2,1,18,3.42,56.99908020235548,0,201.02982
1,1,52,0,34,0,0,1,1,1,18897,2,0,1,1,2,2,6,2.47,31.365307721044577,2,205.64311
1,1,33,0,16,0,1,1,0,1,19357,0,0,1,1,1,0,6,2.2,18.6,0,117.68647
2,1,81,1,52,2,0,0,0,1,19040,3,0,0,1,1,1,18,1.3,83.0,1,158.83264
1,1,41,2,39,0,0,2,0,1,18549,1,0,1,1,2,1,6,2.61,66.36463075589226,1,135.85786
2,1,64,0,50,2,0,1,1,1,19696,2,0,1,1,1,1,18,1.21,38.59587857461346,1,145.54181
1,1,21,2,29,2,0,2,0,1,18786,0,0,2,2,2,0,18,2.94,33.6,0,199.70758
3,2,102,1,52,2,0,1,0,0,18851,1,0,1,1,0,1,18,2.66,61.49268627758161,2,221.0692
4,5,141,0,56,0,0,1,0,1,19603,0,0,2,0,0,2,6,4.38,85.2,2,168.7687
1,1,26,2,61,3,1,2,1,1,18990,0,0,2,2,0,2,30,4.18,41.6,1,217.21752
1,1,29,2,46,0,0,2,1,1,19290,3,0,0,0,2,0,6,1.78,47.168992005016456,0,182.74675
1,2,77,1,38,0,0,2,0,1,18429,3,0,0,2,2,1,6,1.85,123.95154700851967,1,152.93222
4,5,136,0,65,2,1,2,0,0,19188,1,0,1,1,0,0,18,3.27,218.33010420032568,1,143.72133
4,3,130,2,70,0,0,2,0,0,19649,0,0,1,0,1,1,6,3.95,208.0,2,411.05078
1,1,27,1,44,0,0,2,1,1,18712,3,0,2,1,1,1,6,3.52,43.2,2,200.78245
2,2,83,0,46,0,0,1,1,1,19555,1,0,1,1,1,0,6,2.58,50.04428242609754,0,108.39461
3,3,126,0,42,0,0,2,1,1,19002,3,0,2,0,1,2,6,1.82,202.33373857459586,1,150.37814
1,1,109,0,36,0,0,2,0,1,18802,2,0,1,2,2,0,6,1.63,175.13991701085516,2,179.10788
2,1,64,0,77,2,0,2,0,1,19302,0,0,0,1,1,0,18,4.85,103.15627169507088,0,123.85248
3,4,139,1,38,2,0,1,1,1,18960,3,0,2,1,2,1,18,3.64,83.78694640941903,2,347.64431
1,1,51,1,66,0,0,2,0,1,18931,1,0,2,2,1,1,6,2.98,81.6,1,113.02546
1,2,61,2,38,3,0,0,1,1,19811,2,0,1,1,1,1,30,2.54,58.99864029913419,1,274.82811
3,1,125,1,40,0,0,0,0,1,18386,1,0,2,1,2,1,6,2.05,122.98456339605285,2,287.57095
1,3,108,1,64,0,0,2,0,1,18598,3,0,2,2,1,0,6,2.38,172.8,0,246.24659
2,2,100,2,36,2,0,2,0,0,19408,2,0,2,1,0,1,18,1.53,160.7431879476983,2,391.29628
1,2,77,0,45,0,0,1,1,0,19496,3,0,2,2,2,2,6,2.71,46.2,2,125.95653
2,1,97,1,27,0,1,0,0,0,19375,1,0,2,1,1,2,6,1.53,99.0,1,142.27709
1,1,29,1,31,0,0,1,1,1,19048,2,0,1,2,1,2,6,2.67,18.0,0,138.40271
2,2,94,2,63,0,0,2,0,1,19760,3,0,0,1,1,1,6,1.58,150.4,0,325.62791
2,5,145,2,60,0,0,2,1,1,19591,2,0,2,1,1,2,6,2.43,235.2,0,498.5805
1,2,69,2,28,1,0,2,0,1,18862,0,0,2,2,1,1,13,3.28,108.8,2,381.65751
1,1,63,2,26,0,0,1,1,1,19618,3,0,1,1,1,2,6,3.56,38.4,2,321.85678
1,2,69,2,57,0,0,0,1,0,19582,3,0,2,0,1,1,6,2.0,69.0,1,140.90363
1,1,50,0,36,2,0,2,1,0,19647,2,0,1,1,2,1,18,1.8,80.76135981904912,1,138.31909
1,1,52,1,32,0,1,0,0,1,19229,1,0,0,0,1,2,6,1.55,51.0,1,90.36814
1,1,29,1,59,0,1,2,0,0,18999,2,0,0,1,0,1,6,1.61,47.168992005016456,1,49.0218
5,4,132,1,32,0,0,2,1,1,18671,0,0,1,1,2,1,6,1.79,211.2,2,378.38229
2,1,106,2,41,3,0,0,0,1,18824,2,1,1,2,2,1,30,2.01,103.98874247665512,2,473.79742
1,1,56,0,65,0,0,0,0,0,19232,2,0,0,1,1,0,6,2.74,56.0,0,66.09074
1,2,81,1,67,0,0,1,0,0,18331,2,0,0,1,2,1,6,1.36,49.2,2,165.06985
1,1,63,0,44,0,1,0,1,1,18637,0,0,1,2,1,1,6,3.39,60.998200395912896,0,103.06278
2,2,103,2,47,2,1,1,0,1,19027,2,0,2,2,2,0,18,1.3,61.8,1,248.15639
2,2,95,0,47,0,0,1,1,0,18984,3,0,2,0,1,0,6,1.54,57.274853279666424,2,118.3709
1,1,68,1,44,3,0,1,0,0,19139,3,0,0,2,2,2,30,3.4,41.4,2,235.60505
1,2,81,1,47,3,0,0,0,0,19479,3,0,1,1,2,1,30,3.43,78.99424126692126,1,172.15148
3,2,134,1,42,2,0,1,1,1,19500,2,0,1,1,2,1,18,2.77,79.2,2,331.62908
2,2,101,0,60,0,0,0,0,0,19381,0,0,1,1,1,2,6,3.54,100.0,1,80.65366
2,2,89,2,54,0,0,0,1,1,18312,2,0,0,1,2,2,6,1.09,88.0,0,276.91167
1,1,44,0,33,3,0,2,0,0,18908,0,0,2,0,2,1,30,3.17,71.16354044361121,0,112.76092
1,1,37,1,51,2,1,1,0,0,19207,3,0,0,1,1,1,18,3.39,22.2,1,78.4156
1,2,71,1,39,2,0,0,0,1,19144,1,0,1,1,0,1,18,3.17,71.0,0,206.24178
2,2,106,0,36,3,0,1,0,1,19064,2,0,2,2,1,1,30,1.94,63.0,0,161.57501
1,1,23,0,46,0,0,2,0,1,18726,0,0,1,0,0,0,6,3.94,36.8,1,29.12382
2,2,99,1,71,2,1,2,0,0,19402,1,0,1,2,2,1,18,3.13,159.1435513851253,0,232.88285
1,1,22,0,54,2,0,2,0,0,19760,0,0,1,1,2,0,18,3.22,35.97153606700557,2,175.82782
1,1,69,1,33,0,0,1,1,0,19411,0,0,2,2,2,1,6,3.62,41.4,1,99.12965
2,2,106,0,48,2,0,1,0,0,19160,2,0,1,2,1,0,18,2.04,63.902876562104574,1,1688.549
2,1,86,2,48,0,0,0,0,1,19129,0,0,2,1,0,2,6,3.13,83.99314150886804,1,196.04302
2,2,98,2,37,0,0,0,1,0,18455,2,0,2,2,1,1,6,2.36,97.0,0,256.66968
2,2,104,2,33,2,0,1,0,1,18489,2,0,2,1,1,1,18,2.63,61.8,1,235.46423
3,1,123,0,54,3,1,1,0,1,18407,0,0,1,1,2,2,30,3.89,73.2,0,160.48132
1,2,76,0,68,0,0,0,0,1,19194,3,0,2,1,1,0,6,1.77,73.9953410249745,1,75.05498
1,1,57,1,45,0,0,0,0,1,19129,3,0,1,1,1,0,6,2.0,54.99952010557677,2,258.54079
2,2,95,1,22,0,1,2,1,1,19165,2,0,1,2,2,1,6,2.4,152.0,1,209.20712
2,1,84,2,68,3,1,0,0,0,19342,2,0,0,1,1,1,30,2.49,83.0,0,282.75244
3,3,118,0,71,0,0,2,0,1,18984,1,0,1,2,1,2,6,3.08,188.8,2,188.06445
2,1,101,2,61,1,0,2,1,1,19067,0,0,2,1,1,0,13,4.69,162.34282451027127,1,272.5281
1,3,125,0,55,2,1,2,0,1,18972,1,0,2,1,2,1,18,1.74,198.4,1,160.81482
3,3,125,1,47,0,0,2,1,1,19800,2,0,1,0,1,1,6,1.57,200.73410201202287,0,293.22569
3,1,128,1,19,3,0,0,0,1,19093,0,0,2,2,0,1,30,2.45,127.0,1,258.02001
1,2,83,0,33,0,0,0,1,1,19268,0,0,0,2,1,0,6,2.57,80.99380136369997,2,145.73291
3,3,106,1,27,2,0,2,0,1,19616,3,0,2,2,2,1,18,3.01,169.6,2,381.74564
1,1,44,1,28,0,0,1,0,1,18767,3,0,1,1,2,2,6,3.54,26.54492715199865,1,88.32336
2,2,61,0,31,0,0,0,0,0,19608,2,0,0,2,1,2,6,1.4,61.0,2,116.27013
2,2,107,1,18,1,0,0,0,0,19201,2,0,0,1,1,1,13,2.0,104.98852252504447,1,161.89041
1,1,46,0,48,0,0,1,0,1,19710,1,0,0,0,1,1,6,2.67,26.4,0,70.47408
1,1,79,0,55,2,0,2,0,1,18400,0,0,2,0,2,1,18,1.54,129.6,0,140.85076
2,2,94,0,65,3,0,1,0,0,18342,0,0,0,2,1,2,30,3.18,56.4,1,88.11976
1,1,78,2,46,0,0,2,0,0,19142,0,0,1,1,2,1,6,1.8,125.55118357109265,1,180.47539
1,1,52,1,68,0,1,2,1,1,19220,2,0,1,1,1,2,6,1.13,81.6,0,171.82423
4,5,147,0,69,0,0,0,1,0,18947,0,0,1,2,2,2,6,1.43,146.0,0,139.65865
2,2,106,0,20,0,0,1,1,1,18286,2,0,0,1,0,2,6,1.85,63.6,0,115.69551
1,1,58,1,42,0,1,2,0,0,19381,1,0,0,2,1,2,6,2.46,93.55845231963299,2,268.14479
2,2,105,2,24,0,0,0,0,0,18276,1,0,2,1,1,0,6,1.82,102.98896242826576,2,305.33791
3,3,115,0,30,3,0,1,0,1,19144,3,0,0,1,1,0,30,3.19,69.32580470228123,2,181.01721
3,2,113,1,53,0,0,0,0,0,19464,1,0,2,1,0,0,6,2.46,110.9872028153806,0,188.58824
1,1,54,1,43,0,0,0,1,1,19538,1,0,2,2,1,0,6,2.18,52.00017996040871,2,223.33836
1,1,36,2,4,0,1,1,0,1,18419,0,0,0,1,1,2,6,3.54,21.0,2,211.7966
1,1,42,2,47,0,0,1,0,1,19452,2,0,0,0,2,2,6,1.6,25.33983200973717,2,230.38905
1,1,21,0,57,2,0,2,1,0,19240,0,0,1,1,1,0,18,2.45,35.2,1,51.61983
1,1,50,0,46,0,0,2,0,0,18920,1,0,0,1,1,2,6,1.62,78.4,1,52.29736
1,1,25,0,45,2,0,0,1,1,19064,0,0,1,2,0,1,18,2.5,23.006558557117433,0,94.25836
5,2,130,2,49,2,0,0,0,1,18388,3,0,0,1,0,1,18,2.83,127.98346363799962,2,313.71622
2,2,80,1,60,0,0,1,0,1,18502,2,0,2,1,1,1,6,2.9,48.23663971270531,1,112.0061
2,1,66,2,35,0,0,2,0,1,19288,0,0,2,1,0,2,6,3.24,104.0,2,355.45707
1,1,69,2,61,2,0,0,1,0,19161,2,0,0,1,1,1,18,1.36,69.0,1,178.23773
2,1,90,0,44,3,0,1,0,0,18595,2,0,1,1,1,1,30,2.37,54.26211542401272,0,115.45939
1,1,39,1,71,0,0,1,1,1,18513,0,0,1,1,1,1,6,4.0,23.532189296344946,1,1418.6308
2,2,97,2,72,0,0,0,0,1,18421,0,0,1,2,0,0,6,3.29,94.99072204115093,2,324.18286
2,2,88,1,58,2,0,0,0,0,19111,0,0,1,2,2,1,18,4.1,86.0,0,259.4694
1,1,67,0,45,1,0,0,1,1,18481,2,0,2,1,2,1,13,1.14,64.9973205894703,0,116.21858
1,1,27,1,22,0,0,0,0,1,18669,2,0,2,0,1,1,6,3.09,28.0,0,119.5363
2,1,91,0,14,0,0,1,0,1,19288,3,0,1,1,2,1,6,3.72,54.6,0,113.40347
1,1,43,2,43,0,1,2,0,1,18787,2,0,1,1,1,2,6,1.64,67.2,1,139.39768
1,1,34,1,21,3,0,1,1,1,19418,1,0,2,1,1,2,30,1.87,19.8,1,162.8771
1,1,32,2,17,0,0,1,0,1,19330,0,0,1,2,0,0,6,3.0,19.31435629842976,2,239.95638
1,1,32,0,41,2,0,2,1,0,18495,3,0,1,2,1,1,18,3.78,54.4,1,65.19195
2,2,100,1,29,0,0,2,1,1,19791,2,0,1,1,2,2,6,1.48,160.7431879476983,0,277.66786
1,1,26,0,62,0,0,2,0,0,18590,1,0,2,1,1,2,6,3.35,42.37008231729751,0,62.52629
1,1,71,2,34,0,0,1,1,0,19612,3,0,0,1,1,2,6,3.22,42.0,2,246.098
1,1,57,2,45,0,0,2,0,0,19381,1,0,1,2,1,1,6,2.43,91.95881575706001,0,210.01202
1,2,82,1,54,0,0,2,1,0,18478,0,0,0,1,1,2,6,1.38,131.2,0,175.29105
1,5,140,1,16,2,0,0,0,1,19724,0,0,1,1,2,2,18,4.86,140.0,2,369.46555
1,1,69,2,52,3,0,1,0,1,19229,2,0,1,1,2,0,30,2.65,41.60861643026716,0,296.60456
3,3,124,2,35,0,0,2,0,1,19590,0,0,0,0,1,2,6,2.22,199.1344654494499,1,321.5148
1,1,75,0,28,0,1,0,0,0,19071,3,0,1,1,1,1,6,2.5,72.99556097658514,0,90.40902
2,1,62,2,13,2,0,0,0,1,18761,3,0,0,2,2,1,18,2.56,59.99842034752354,0,286.68171
1,2,95,2,38,0,0,1,1,1,19455,0,0,2,2,2,2,6,4.76,57.274853279666424,2,354.10909
3,1,114,2,18,0,0,2,0,1,19503,0,0,0,0,0,1,6,2.92,183.13809982372007,2,439.63775
1,1,36,2,25,2,0,0,0,1,18276,1,0,1,2,2,1,18,2.96,36.0,1,166.16325
4,5,144,1,49,0,0,1,1,1,18674,2,1,2,2,1,2,6,1.91,87.0,1,212.58618
1,1,94,2,55,0,0,0,0,0,19043,1,0,1,2,2,2,6,2.54,94.0,2,299.73255
1,1,29,0,51,2,0,1,0,1,19581,2,0,2,1,0,2,18,1.29,17.506713585037538,0,91.91269
1,1,49,0,31,1,1,0,1,1,18590,2,0,1,1,2,0,13,2.25,51.0,1,72.41831
2,2,90,1,66,0,0,0,1,1,18917,2,0,0,1,1,0,6,3.01,87.99226170242545,1,132.16322
1,2,89,1,54,1,0,0,0,1,19377,0,0,0,2,0,1,13,4.78,86.9924816540361,2,258.63865
2,2,92,0,19,3,0,1,0,1,18463,0,0,1,1,1,1,30,3.7,55.2,0,141.70574
5,5,146,0,32,0,1,0,1,0,19599,1,0,0,0,1,0,6,2.78,146.0,0,135.9285
1,1,104,0,44,3,0,1,1,1,18854,0,0,2,1,1,2,30,3.65,62.69778141984309,1,129.30496
5,4,137,1,66,3,0,0,0,1,19133,2,0,2,2,1,1,30,2.39,134.9819239767251,1,290.26361
1,1,73,0,21,2,0,2,1,1,18884,1,0,2,1,2,2,18,2.8,115.2,2,185.18494
4,4,141,2,24,0,0,0,0,0,19488,2,0,0,1,1,2,6,2.51,143.0,0,325.75954
2,2,108,0,39,0,0,0,0,1,19127,1,0,2,2,1,2,6,2.66,109.0,1,111.87648
2,3,110,0,35,0,0,2,0,1,19586,1,0,1,2,2,2,6,3.13,177.6,1,137.96769
1,1,43,1,70,2,0,0,0,0,19115,0,0,0,2,2,1,18,4.01,43.0,2,254.88464
1,1,23,0,15,0,0,1,0,1,19432,1,0,1,0,2,0,6,1.82,13.8,1,34.5637
1,1,45,2,52,0,0,0,0,1,18803,3,0,1,0,1,1,6,2.05,43.00215952490451,0,177.27665
3,3,126,2,28,0,1,1,1,1,19612,3,0,1,2,1,2,6,3.32,75.95382798471938,0,347.85033
1,1,40,0,40,3,0,2,0,1,18374,0,0,0,1,1,1,30,4.47,64.76499419331928,0,116.07669
3,3,121,0,54,3,0,1,1,1,18371,0,0,2,0,1,1,30,3.07,72.94109012906569,0,160.16198
2,1,112,0,37,0,0,0,1,0,18558,1,0,2,2,1,1,6,2.68,113.0,1,92.33584
1,1,46,0,31,0,0,2,1,0,18763,2,0,2,1,0,2,6,2.02,73.6,1,51.11062
2,2,105,2,48,2,0,1,1,0,19458,3,0,0,0,1,1,18,3.28,63.0,1,205.07658
2,1,112,1,46,0,1,0,0,1,18995,2,0,0,1,0,0,6,2.32,109.98742276699124,0,190.05984
1,2,87,0,23,0,0,0,0,0,18704,3,0,1,1,1,1,6,3.19,84.99292155725739,1,156.40095
3,3,123,1,46,0,0,2,0,1,18873,3,0,2,1,1,1,6,3.07,196.8,0,286.55452
1,2,108,1,51,0,0,1,0,1,19246,0,0,1,0,1,1,6,4.68,65.10797170436605,2,233.35017
1,1,83,1,51,0,0,2,0,1,18891,0,0,2,1,0,1,6,4.43,133.54936638395756,2,252.34981
2,4,139,2,42,0,0,0,1,0,19049,3,0,1,2,1,1,6,1.52,136.98148407350382,2,389.19463
1,3,117,2,33,0,0,2,1,0,19594,1,0,1,1,2,1,6,2.8,190.4,2,407.8944
1,1,37,0,54,0,1,2,0,1,18326,0,0,1,0,1,1,6,4.92,60.8,0,140.39316
1,1,53,0,38,0,0,2,0,1,18585,3,0,1,2,0,1,6,3.62,81.6,1,64.17935
2,2,98,0,32,0,0,1,0,1,18649,2,0,2,0,2,1,6,1.75,59.4,0,107.51962
3,3,128,2,44,0,1,2,1,1,19774,1,0,0,2,1,1,6,2.25,204.8,0,446.34564
3,3,127,1,66,2,0,1,0,1,19068,0,0,0,0,1,0,18,4.65,76.55637555585012,1,177.25217
1,1,50,1,47,0,0,0,1,1,18608,3,0,1,1,0,1,6,3.48,50.0,2,178.8147
1,1,36,0,59,1,0,0,0,1,18892,0,0,0,2,1,1,13,2.47,35.0,1,51.46267
1,1,56,0,70,0,0,2,1,1,19526,1,0,0,2,2,1,6,2.36,88.0,2,140.67665
1,2,70,0,61,0,0,2,1,1,18336,2,0,2,1,0,2,6,1.27,112.75409107050879,1,86.76399
1,1,32,1,64,0,0,2,0,0,19799,3,0,1,1,2,0,6,2.31,51.96790169273542,0,109.20492
1,1,36,0,61,0,0,0,1,0,18345,1,0,2,1,1,2,6,1.91,34.004139089400326,1,43.82441
5,4,135,1,45,3,0,2,0,1,18656,1,0,2,1,1,0,30,2.02,216.0,0,368.0579
1,3,108,2,42,3,0,1,1,1,19129,3,0,1,2,2,1,30,1.94,65.10797170436605,0,397.38403
1,1,73,2,53,0,0,2,0,0,18926,2,0,1,0,1,1,6,2.67,115.2,1,151.21137
3,2,111,2,43,0,0,2,0,0,19210,1,0,1,0,1,0,6,2.9,178.33919013600112,1,211.13986
4,5,141,0,65,0,0,0,1,0,18904,1,0,2,0,2,2,6,2.3,141.0,2,164.1944
1,1,37,0,24,0,0,1,0,1,19496,2,0,0,1,1,0,6,2.65,22.2,0,59.34682
1,1,44,2,25,0,1,2,0,0,18359,2,0,2,0,2,0,6,1.91,67.2,0,169.5888
1,1,68,1,57,0,0,0,1,1,18808,2,0,1,1,1,1,6,1.65,67.0,2,216.88253
3,1,113,2,57,0,1,1,1,1,18336,2,0,0,2,1,1,6,1.14,66.6,2,331.94119
1,1,22,0,62,2,0,1,1,1,18343,1,0,1,2,1,1,18,1.9,13.288880587122353,2,116.25114
2,1,91,2,22,2,0,1,1,1,18554,3,0,1,1,2,2,18,2.74,54.86466299514346,0,2749.9452
1,1,34,0,13,0,1,0,1,1,19623,1,0,1,1,1,1,6,2.7,32.00457899262162,1,57.45561
2,1,96,0,5,3,0,0,0,0,18952,1,0,1,1,2,2,30,2.68,93.99094199276158,2,168.41756
2,1,60,0,42,0,0,2,0,1,19271,3,0,1,0,1,0,6,3.45,97.6,0,171.23345
1,2,125,0,43,0,0,2,0,0,19707,3,0,1,2,1,1,6,2.27,200.73410201202287,1,110.8619
2,2,123,0,55,0,0,1,1,1,19203,3,0,1,0,1,1,6,1.54,74.14618527132717,2,157.61555
1,1,40,1,25,0,0,0,1,1,18844,3,0,1,0,1,1,6,3.19,38.00325928295774,1,88.43567
2,2,101,1,57,1,0,1,0,1,18881,0,0,2,0,1,1,13,2.7,60.89013870645087,0,269.7886
2,3,109,2,44,0,0,2,0,1,19641,1,0,1,2,0,2,6,2.84,175.13991701085516,0,386.70969
1,1,35,0,54,2,0,2,0,0,19188,2,0,0,0,2,0,18,2.87,56.766811380454364,2,103.41371
1,1,68,2,42,0,0,2,0,0,18743,1,0,1,1,0,1,6,2.47,109.55481794536283,0,211.41496
1,1,61,2,25,0,0,0,0,1,18396,1,0,0,1,1,1,6,1.63,58.99864029913419,2,271.73565
1,1,70,2,39,0,1,2,0,0,19643,1,0,2,1,1,1,6,3.1,108.8,2,301.30353
3,3,121,1,64,2,0,2,0,1,18475,1,0,1,1,1,1,18,3.34,195.2,0,291.17924
1,1,50,1,55,0,1,0,1,1,19261,2,0,0,0,1,2,6,1.62,49.0,0,144.6681
1,1,32,0,8,3,0,1,1,1,19799,2,0,1,2,1,2,30,1.95,19.2,1,89.92904
1,1,75,2,30,0,0,1,0,1,18724,2,0,0,2,1,2,6,1.37,46.2,2,302.20508
4,1,140,2,70,0,0,0,0,0,19679,1,0,1,1,0,1,6,1.68,140.0,1,218.26887
2,2,86,1,52,0,0,2,0,1,19331,3,0,2,1,1,1,6,1.47,138.34827607167654,0,227.53344
1,3,103,2,55,0,0,1,0,1,19770,3,0,2,1,2,2,6,1.73,63.0,2,374.48439
2,2,61,0,60,0,0,0,1,0,18830,3,0,0,1,2,2,6,2.68,61.0,2,109.71902
3,3,118,1,49,2,0,2,0,1,19018,3,0,0,2,2,1,18,2.0,187.2,1,258.68784
4,5,148,1,56,2,0,1,1,1,19312,2,0,1,1,0,1,18,1.42,89.2098745495957,0,275.65974
1,1,32,2,63,1,0,2,0,0,19351,3,0,1,2,0,2,13,3.36,51.96790169273542,0,179.08644
2,3,120,0,63,3,0,1,0,0,19788,2,0,2,1,2,1,30,1.24,71.4,2,173.36501
2,5,142,1,67,2,0,1,0,1,18409,0,0,2,0,1,1,18,2.17,85.59458912281124,1,200.54205
1,2,73,1,60,0,1,2,1,1,19600,3,0,0,0,1,1,6,2.47,118.4,2,249.91798
2,4,145,1,59,0,1,0,0,0,19163,0,0,1,1,2,2,6,4.34,145.0,2,273.78549
1,1,67,0,42,0,0,0,0,1,18743,3,0,1,0,1,2,6,2.63,64.9973205894703,2,128.43057
4,3,144,2,57,0,0,2,1,0,18848,3,0,2,2,0,1,6,1.35,231.12719670090954,1,315.15318
1,3,116,0,49,0,0,2,0,0,18607,1,0,1,2,0,2,6,2.53,185.6,2,155.6722
2,2,90,2,57,0,0,1,0,1,19569,0,0,1,2,2,0,6,4.83,54.0,1,182.68257
4,3,141,0,35,2,0,0,1,1,18881,2,0,1,1,1,1,18,2.02,138.98104417028253,1,157.06513
4,1,144,1,7,0,0,1,0,1,19372,0,0,1,2,1,1,6,2.04,86.79968426507273,1,198.74301
1,2,97,1,35,2,0,2,0,0,18489,3,0,0,2,2,1,18,3.8,155.94427825997934,1,179.57221
1,1,33,0,51,1,0,2,0,1,18584,0,0,0,2,1,1,13,1.3,53.5675382553084,1,57.81793
1,1,24,0,61,0,0,0,0,0,19009,3,0,1,2,1,1,6,1.4,21.0,0,54.433
1,1,50,0,52,3,1,1,0,1,18849,1,0,2,1,2,1,30,2.75,30.0,0,121.67632
2,3,116,0,69,0,0,0,1,1,19185,2,0,1,1,2,2,6,1.82,113.98654296054866,1,193.85279
1,1,78,1,71,0,0,0,1,1,18485,0,0,1,1,0,0,6,3.84,75.9949011217532,0,164.99539
5,3,135,2,70,0,1,2,0,0,19478,2,0,0,1,0,1,6,1.99,216.0,2,413.52888
2,2,103,1,50,0,0,1,0,1,18266,3,0,2,2,2,1,6,1.94,61.8,0,196.2894
3,3,127,0,52,1,0,1,1,0,18457,0,0,0,0,1,1,13,4.93,75.6,2,127.96185
1,1,25,1,47,0,0,1,0,1,19520,0,0,1,1,0,0,6,2.01,15.0,2,151.15993
2,2,104,1,33,3,0,2,0,1,19162,0,0,2,1,1,2,30,2.35,164.8,0,338.67113
2,1,59,0,57,0,1,2,1,1,19067,2,0,1,0,0,2,6,1.17,95.15808888220597,0,104.30021
2,1,78,1,26,3,0,0,0,1,19511,2,0,1,1,0,1,30,1.19,78.0,2,304.19322
2,1,64,0,50,2,0,0,1,1,18413,2,0,1,0,1,1,18,2.85,65.0,0,118.33721
2,2,99,1,55,0,0,2,1,1,18441,3,0,0,1,1,2,6,2.8,159.1435513851253,0,238.31858
1,1,34,2,7,0,0,2,0,1,19634,2,0,1,1,1,0,6,2.43,55.16717481788138,1,130.36072
2,2,72,1,67,0,1,1,0,1,19503,3,0,2,2,2,1,6,3.72,43.41625914365939,1,123.46958
3,1,99,1,44,0,0,1,1,0,19107,1,0,1,0,2,0,6,3.06,59.685043564189385,2,203.16892
1,1,29,2,55,0,0,0,1,1,19245,0,0,1,2,1,1,6,4.59,27.00567875067485,1,113.58521
1,1,44,0,45,3,1,2,0,0,19548,0,0,2,2,1,0,30,3.05,72.0,0,115.27401
1,1,53,0,21,0,1,0,0,1,18895,2,0,0,1,1,2,6,2.82,51.000399912019354,0,90.07284
4,4,140,0,54,2,0,0,0,0,18431,1,0,1,0,2,1,18,2.0,137.98126412189316,1,120.95678
1,1,58,0,54,0,0,0,0,0,19251,0,0,1,2,0,2,6,4.34,58.0,0,77.93364
1,1,20,1,67,0,0,2,0,0,18308,1,0,1,1,1,2,6,1.65,32.77226294185961,2,129.40159
2,2,83,2,60,2,0,2,1,0,18534,2,0,2,2,0,0,18,1.87,134.4,2,349.5543
1,5,145,1,18,0,0,0,0,1,19506,2,0,2,1,2,0,6,1.19,142.98016436383995,2,333.72652
5,1,132,0,61,0,0,1,1,1,19787,2,0,1,1,0,1,6,1.6,79.2,2,165.60909
2,3,111,1,69,0,1,2,0,0,18527,3,0,1,1,2,1,6,2.93,179.2,1,166.8282
2,2,89,1,65,0,0,2,1,1,18849,3,0,2,1,1,1,6,2.11,142.4,1,177.99818
1,2,81,0,61,0,0,1,1,1,18886,2,0,1,1,2,1,6,1.43,48.0,2,2733.1256000000003
2,2,68,0,37,0,0,0,0,0,18850,2,0,2,2,2,2,6,1.0,65.99710063785966,0,160.21089
1,1,81,2,63,0,1,2,0,1,18962,1,0,0,0,1,0,6,3.23,130.3500932588116,1,190.89686
1,1,50,2,44,0,0,2,0,0,18605,1,0,2,2,0,0,6,3.0,80.0,1,121.48984
1,1,70,1,41,0,0,0,0,1,18887,2,0,1,1,2,2,6,1.08,69.0,2,212.13677
1,4,135,0,45,3,0,2,1,1,19006,0,0,0,0,2,2,30,1.78,216.7304676377527,2,253.41368
3,2,118,1,28,0,0,1,0,1,18596,2,0,0,1,1,2,6,1.98,71.13344741567346,0,194.0023
4,5,146,2,45,0,0,1,0,1,19391,0,0,0,1,1,2,6,3.24,88.00477940733421,0,344.50236
1,2,82,0,26,0,0,2,0,0,19232,3,0,2,2,1,0,6,3.02,131.94972982138458,2,131.9031
1,1,20,2,40,0,0,2,1,1,19783,0,0,1,1,1,2,6,4.79,32.77226294185961,2,270.20042
1,1,59,0,1,1,0,1,1,1,18372,0,0,1,2,1,2,13,3.66,35.58314071895976,0,109.52799
2,3,103,1,42,0,0,2,1,1,18332,1,0,1,1,1,1,6,1.51,160.0,1,190.96767
1,2,75,1,56,2,0,0,1,1,18535,1,0,2,1,2,1,18,2.2,72.99556097658514,1,171.38776
2,1,96,0,41,0,0,1,0,1,19777,0,0,0,1,2,2,6,4.25,57.6,1,83.01776
2,2,86,1,65,0,0,2,0,1,18823,2,0,1,2,0,1,6,1.36,138.34827607167654,1,162.68394
2,1,104,0,34,1,0,1,1,0,19761,2,0,1,1,1,2,13,1.75,62.69778141984309,1,209.44499
1,1,26,2,27,1,0,2,0,0,18872,0,0,1,2,1,1,13,3.73,41.6,1,115.66113
1,1,27,2,45,0,0,1,0,1,19174,2,0,0,1,2,1,6,2.18,15.6,0,142.27199
2,1,67,1,40,2,0,0,0,1,18741,2,0,2,2,0,2,18,2.26,64.9973205894703,2,257.89198
1,3,120,2,60,0,0,0,1,1,18350,0,0,0,1,2,1,6,1.5,117.98566315410608,0,305.2625
1,1,74,1,51,2,0,1,0,1,19064,3,0,2,1,2,1,18,1.54,44.621354285920866,0,193.95195
2,2,95,2,69,2,0,1,0,1,18335,0,0,1,0,1,0,18,3.78,57.0,1,193.20385
1,1,44,2,52,2,1,2,1,0,19676,3,0,1,1,2,1,18,2.78,71.16354044361121,2,303.82697
1,2,68,0,12,0,1,2,0,1,19603,0,0,1,1,2,1,6,2.55,108.8,2,159.76489
4,2,141,1,65,0,0,1,1,1,18876,2,0,1,2,1,0,6,2.27,85.2,2,272.27472
2,1,129,1,40,0,0,2,0,1,18329,0,0,0,2,1,2,6,2.51,207.1326482623148,1,223.93528
1,2,100,2,70,0,0,0,0,0,18980,0,0,1,0,1,0,6,1.71,97.990062186319,1,153.51137
1,2,84,0,52,0,1,1,0,1,18722,2,0,1,2,1,0,6,1.14,50.646829997228274,2,126.32346
1,1,48,1,34,0,0,1,0,1,18395,2,0,1,1,1,1,6,2.38,28.2,1,62.98193
1,2,66,2,45,0,0,0,0,1,19105,2,0,1,0,2,2,6,1.61,66.0,0,2045.777
1,3,124,1,11,0,1,1,0,1,18633,0,0,2,1,1,1,6,2.69,74.74873284245791,1,157.18532
3,2,101,2,43,0,0,1,1,1,18408,3,0,0,1,1,1,6,3.35,60.0,0,254.97789
2,2,91,1,62,0,0,2,0,1,18617,2,0,0,0,0,1,6,1.95,146.34645888454145,0,200.47126
2,1,98,1,44,2,0,1,0,0,19063,3,0,1,1,0,1,18,1.68,59.08249599305864,2,214.69739
2,2,95,0,40,0,0,0,0,1,19079,3,0,1,2,1,1,6,1.68,92.99116194437222,1,157.34342
1,1,38,1,61,0,0,2,0,0,18300,2,0,1,1,1,0,6,2.04,61.56572106817332,2,139.26567
1,1,31,0,47,0,0,0,0,1,19174,1,0,2,1,0,1,6,3.26,29.00523884745356,2,101.51808
1,2,66,1,37,0,1,2,1,0,19090,3,0,1,2,1,2,6,2.27,106.35554482021685,2,209.01239
4,5,145,2,54,0,0,1,1,1,19000,0,0,1,0,2,2,6,4.2,87.6,1,271.19458
1,1,29,0,22,0,0,1,0,0,18610,2,0,1,1,1,1,6,2.36,17.4,2,81.76093
3,1,119,2,32,2,0,2,0,0,18372,2,0,2,1,1,2,18,1.8,187.2,2,409.04355
1,2,86,0,46,0,0,2,1,0,19094,1,0,1,0,2,0,6,2.09,140.8,1,87.12608
1,1,23,1,57,0,0,2,1,1,19178,3,0,1,1,1,0,6,1.58,35.2,2,171.8973
2,1,87,0,36,2,0,2,0,1,18580,1,0,0,1,1,1,18,1.9,137.6,0,143.92162
1,2,68,1,22,2,0,2,0,0,19628,0,0,2,2,1,2,18,1.22,109.55481794536283,1,239.41815
1,1,69,0,30,0,0,2,0,1,18615,0,0,1,1,1,1,6,3.67,111.15445450793581,1,86.42006
4,5,142,1,39,0,0,1,0,0,19647,0,0,0,1,1,1,6,2.21,85.2,0,201.3437
1,1,40,0,33,3,1,1,1,1,19450,3,0,2,1,0,1,30,3.0,24.134736867475688,1,92.06353
2,3,147,0,42,3,0,2,0,1,19502,2,0,0,0,2,2,30,2.3,235.92610638862848,1,204.63713
1,1,58,2,20,2,0,2,0,0,19425,0,0,1,1,1,1,18,3.74,91.2,0,228.08484
2,2,63,0,59,0,0,2,1,1,18915,0,0,1,2,1,1,6,2.43,101.5566351324979,1,88.72876
4,5,144,1,35,0,0,0,1,1,19156,2,0,1,0,1,1,6,2.86,141.98038431545058,1,240.63634
1,1,48,0,50,2,0,2,1,0,18599,2,0,2,0,1,1,18,1.82,77.56208669390315,0,95.92984
1,2,87,0,54,0,0,0,1,1,19320,3,0,2,2,0,0,6,2.28,84.99292155725739,0,111.83389
2,2,105,1,63,3,0,2,1,1,18999,1,0,1,0,1,1,30,2.34,168.0,1,263.30917
2,2,88,1,47,0,0,2,1,1,18980,3,0,2,1,1,0,6,3.63,141.5475491968225,1,180.4642
1,2,75,0,23,0,0,2,0,0,18994,1,0,1,2,1,1,6,2.57,120.7522738833737,0,104.73835
1,1,42,0,20,0,0,1,0,1,18352,0,0,0,2,2,2,6,3.93,25.33983200973717,2,110.48571
1,2,61,0,43,3,0,2,1,0,19764,2,0,1,1,2,2,30,2.35,98.35736200735194,2,3353.4359999999997
1,1,29,1,49,3,1,2,0,1,19057,1,0,0,2,1,1,30,2.16,47.168992005016456,2,242.29123
1,1,43,2,18,3,1,0,0,1,19456,0,0,2,1,1,2,30,3.64,41.002599428125805,1,238.72699
2,2,91,1,26,0,0,0,1,1,18819,0,0,2,2,1,2,6,1.31,90.0,2,272.92755
2,2,89,0,51,0,0,2,0,1,19004,2,0,1,1,1,0,6,1.54,142.4,1,166.32799
2,2,108,0,6,1,0,1,0,1,18412,2,0,1,1,1,1,13,2.28,64.2,1,96.94244
1,1,52,1,16,0,1,2,0,1,19681,2,0,2,0,0,0,6,2.39,83.2,0,164.8482
1,2,81,2,50,2,0,1,1,0,19640,2,0,1,0,1,0,18,1.76,48.0,0,241.70598
1,1,22,0,61,0,1,0,0,1,18289,2,0,2,1,1,1,6,1.77,24.0,1,34.74785
2,2,99,0,57,2,1,2,1,1,19187,0,0,2,1,0,1,18,2.49,159.1435513851253,0,171.8645
2,2,92,0,71,1,0,2,0,0,18800,3,0,1,1,0,2,13,1.49,147.94609544711443,0,193.51487
1,1,76,2,32,0,0,0,1,1,18916,3,0,1,2,1,0,6,1.79,75.0,1,171.63997
1,3,112,0,70,3,0,1,0,1,19565,3,0,1,0,2,2,30,2.54,67.8,0,162.41866
4,5,147,1,45,0,0,0,1,0,19041,1,0,0,2,1,0,6,2.2,147.0,2,264.78869
1,1,68,2,65,0,0,1,0,1,19529,1,0,2,1,1,2,6,3.36,40.8,0,214.517
3,2,103,2,49,0,0,0,0,1,19585,2,0,1,1,2,1,6,2.9,100.98940233148706,2,377.25042
2,2,84,1,69,2,0,2,0,1,18594,1,0,0,1,1,1,18,1.84,136.0,0,233.42289
2,1,100,0,37,2,0,2,1,0,19061,0,0,0,1,1,2,18,2.02,156.8,1,113.48064
2,1,80,1,59,0,0,0,0,1,18997,2,0,1,1,1,2,6,2.18,81.0,2,233.3957
4,5,144,1,7,0,0,0,0,1,19179,2,0,2,2,2,1,6,1.45,143.0,0,304.74559
2,3,109,2,44,0,0,0,0,1,19353,0,0,2,0,2,1,6,2.54,108.0,1,244.46725
2,2,90,0,0,0,0,2,0,0,19373,1,0,2,2,2,0,6,2.54,144.74682232196847,1,101.1164
2,2,125,2,44,0,0,0,1,1,18762,3,0,1,1,1,1,6,2.03,122.98456339605285,1,269.99713
1,1,50,0,71,0,0,1,1,1,19217,1,0,1,2,1,0,6,1.68,31.2,2,113.37643
2,2,88,1,54,0,0,0,0,1,19149,1,0,2,1,1,1,6,2.67,85.99270160564674,2,250.62453
3,3,129,2,69,3,0,2,0,1,19525,2,0,1,1,2,2,30,1.76,204.8,0,505.54014
1,1,53,2,52,1,0,0,0,1,18743,1,0,2,1,2,1,13,1.6,51.000399912019354,1,164.66335
2,3,112,0,53,0,1,1,0,0,19044,1,0,0,1,1,2,6,2.9,67.8,2,124.97938
4,1,139,2,45,3,1,1,0,1,18610,0,0,1,2,0,2,30,4.12,83.4,0,390.48985
1,1,47,0,62,3,0,2,1,1,19594,1,0,2,0,2,1,30,1.63,75.2,0,144.5987
5,3,140,2,49,2,0,0,0,0,19468,1,0,2,2,2,1,18,2.94,137.98126412189316,1,323.64656
1,1,141,0,57,0,0,0,0,0,19430,3,0,2,1,2,1,6,3.66,138.98104417028253,2,152.29536
2,1,101,2,36,2,0,2,0,1,18695,2,0,0,0,0,2,18,1.35,162.34282451027127,0,335.91621
1,3,123,0,59,2,0,2,1,1,19186,0,0,0,1,0,1,18,1.83,198.4,0,180.72761
2,1,105,1,29,1,1,1,0,1,18857,2,0,1,2,2,1,13,2.22,63.30032899097383,2,266.72218
1,1,28,2,62,0,0,2,0,1,19724,0,0,1,1,1,1,6,1.9,45.569355442443474,1,2032.4594
1,1,32,2,38,0,0,0,0,1,18275,2,0,2,1,1,1,6,1.28,30.0,0,152.02114
2,1,79,1,67,0,1,0,1,0,18969,2,0,0,0,0,2,6,2.13,77.0,2,263.40766
1,1,49,1,57,0,1,2,0,0,19663,3,0,1,1,2,0,6,3.27,79.16172325647614,2,179.02299
1,2,75,0,69,0,0,1,1,1,19714,3,0,1,0,2,0,6,2.86,45.22390185705161,0,97.66805
2,1,86,1,46,0,0,2,1,1,19687,3,0,1,2,1,1,6,2.91,137.6,0,233.80695
3,5,146,0,0,2,0,1,1,1,18545,1,0,1,1,2,0,18,2.32,88.8,0,176.79039
1,1,71,1,19,0,1,1,0,1,19131,0,0,2,2,1,1,6,4.96,41.4,0,158.11091
3,3,123,2,68,0,0,2,1,1,19045,3,0,1,0,1,0,6,2.33,195.2,2,459.80158
1,2,118,2,62,0,0,0,1,1,18328,2,0,1,0,2,2,6,1.21,115.98610305732737,2,385.56389
1,2,106,2,41,1,1,0,0,0,19283,1,0,2,0,1,0,13,1.69,103.98874247665512,2,327.22381
1,1,25,1,56,0,1,2,0,0,19385,0,0,1,1,1,0,6,3.79,40.0,1,52.10122
1,1,41,0,63,0,0,2,1,1,19486,3,0,2,0,0,1,6,3.16,62.4,1,131.35647
1,3,124,2,21,0,0,0,1,0,19657,0,0,2,1,0,1,6,1.52,121.9847833476635,1,244.81562
1,1,21,0,66,0,1,1,1,1,18886,2,0,2,1,1,2,6,1.41,13.2,2,102.26676
1,1,45,2,52,3,1,1,0,1,18971,1,0,2,1,1,1,30,1.96,27.147474723129392,2,344.22177
1,1,26,1,51,0,0,2,1,1,18643,3,0,1,2,1,1,6,1.39,42.37008231729751,2,174.59285
2,1,81,0,65,3,0,0,1,1,18497,2,0,1,2,1,0,30,2.56,81.0,2,175.80973
1,2,67,1,48,0,0,0,0,1,18918,2,0,1,1,1,2,6,1.99,67.0,1,117.69319
1,1,58,0,52,3,1,2,1,1,19229,2,0,1,1,0,1,30,2.89,92.8,1,114.55849
3,1,117,2,64,0,0,2,0,1,18871,2,0,2,1,1,1,6,1.62,187.2,1,292.07195
1,1,41,2,55,0,0,2,1,1,18723,0,0,2,1,1,1,6,2.05,66.36463075589226,2,286.56117
2,2,88,2,59,0,0,0,0,0,18395,2,0,1,1,1,1,6,1.8,85.99270160564674,0,205.37941
2,1,81,2,37,2,0,2,0,1,19181,3,0,1,1,2,1,18,3.29,129.6,1,282.13536
1,1,26,2,24,0,0,2,0,1,18412,1,0,1,2,1,2,6,2.74,41.6,0,186.82441
1,2,111,2,40,0,0,0,0,1,18919,1,0,1,0,1,0,6,2.47,113.0,2,359.48594
1,1,66,0,23,0,1,2,1,0,18992,0,0,1,0,2,1,6,1.89,106.35554482021685,2,128.11242
2,3,128,1,36,0,0,2,0,0,18593,0,0,2,2,2,1,6,2.02,206.4,2,290.95095
1,4,145,1,57,2,0,1,1,1,19783,3,0,0,1,0,2,18,2.08,87.40223183620347,1,226.64546
1,2,89,1,17,2,0,1,0,1,19371,0,0,2,2,2,0,18,4.42,53.4,0,227.99903
